S/N,LGA,TOWN/WARDS,FOOD,CLOTHING,DANCE,RELIGION,FESTIVALS,MUSIC/INSTRUMENTS,LANGUAGE,DIALECT,GIS LOCATION,LEADERSHIP
1,Odeda,Odeda,"pounded yam, amala, gari, efo riro, assorted soups with smoked fish/goat.","Aso-oke, agbada (men), iro & buba and gele (women); modern clothing day-to-day.
",regberegbe/age-grade style parades for major events ,"Christianity, Islam, and Yoruba traditional practices (shrines, rites).",local town/farm harvest days and participation in broader regional festivals (Ojude-Oba influence in the culture of Ogun State)," talking drum, bata, sekere, local praise-singing; recorded Yoruba popular music.
","Yoruba
",Egba,"7°13′N, 3°31′E","Oba, Chiefs"
2,Odeda,Osiele,"yam, cassava (gari), stews and soups typical of southern Ogun towns.
","(Aso-oke/Ankara) for weddings/funerals; Western clothes for daily life.
","community drum ensembles, funeral and wedding dances.","Christianity, Islam, and Yoruba traditional practices (shrines, rites).","local town days, harvest gatherings; ties into Egba cultural calendar","talk/drum ensembles and recorded Yoruba music commonly played at events.

","Yoruba
",Egba,"7°13′N, 3°31′E","Oba, Baale"
3,Odeda,Oluga,"agrarian diet (yams, cassava, vegetables) — many households eat farm-produced staples.","Yoruba ceremonial attire is used for important social rites; everyday modern clothing otherwise.
",community festivals and ceremonies feature local drum dances;," Christianity, Islam and indigenous practices present.
","local kingdom/town events (e.g., Oluga kingdom gatherings and launch events reported in local news).
","local drumming, praise singers; modern recorded Yoruba music at social events","Yoruba
",Egba,"7°13′N, 3°31′E",Oba
4,Odeda,Olugbo,"typical rural Yoruba staples (yam, amala, soups)",Aso-oke/iro & buba at ceremonies; modern wear daily.,standard local drum dances and age-grade performances,"churches, mosques, traditional worship",local observances and participation in regional Egba festivities,"talking drum, bata and vocal praise tradition.
","Yoruba
",Egba,"7°13′N, 3°31′E","Olu, Oba"
5,Odeda,Baale Ogun,standard Egba/Yoruba staples, typical Yoruba ceremonial dress under local chieftaincy occasions ,chieftaincy installation and age-grade dances are central when baálè events occur,"mixed (Christianity, Islam, traditional).","Baálè installation days, market days and harvest celebrations",drumming ensembles for rites and praise-singing for chiefs.,"Yoruba
",Egba,"7°13′N, 3°31′E",Baale
6,Odeda,Eweje Farm Settlement,"farm-fresh produce — yams, cassava, vegetables dominate the local diet.
", farming community typical clothes plus Yoruba festival attire for special days, harvest/communal labour ceremonies often feature simple drum dances, Christianity and traditional rural Yoruba beliefs; mosques in mixed areas.,harvest/communal festivals and local market days.," local percussive music and work-songs; recorded Yoruba music.
","Yoruba
",Egba,"7°13′N, 3°31′E",Oba
7,Odeda,Ilugun,cassava/yam staples; soups with local vegetables and fish/meat.,Yoruba ceremonial dress for events.,local drum-led dancing at ceremonies and funerals.," Christian churches, mosques, traditional worship.", local community festivals and market days,"talking drums, bata; popular Yoruba songs","Yoruba
",Egba,"7°13′N, 3°31′E",Oba
8,Odeda,Olodo," typical Egba/Yoruba — yam, cassava, vegetable soups.
"," iro & buba, Aso-oke for formal events", community ceremonial dances; drum ensembles., community ceremonial dances; drum ensembles., community ceremonial dances; drum ensembles.,percussive ensembles (talking drum) and praise singing.,"Yoruba
",Egba,"7°13′N, 3°31′E",Baale
9,Odeda,Okiri-Ojule,"rural Yorùbá staples (yam, gari, soups)", typical Yoruba ceremonial clothing for events," performance at weddings/funerals, local age-group dances",mixed religion profile,local rites and market/harvest activities,local drumming and vocalists for praise events,"Yoruba
",Egba,"7°13′N, 3°31′E","Oba, Oloja"
10,Odeda,Apesin, standard regional staples (yam/cassava/vegetable soups),Yoruba traditional dress for ceremonies and modern clothes daily,local drum dances and social event performances," Christianity, Islam and some traditionalists",town/harvest and chieftaincy events," talking drum, bata; local musicians at social events","Yoruba
",Egba,"7°13′N, 3°31′E",Oba
11,Ewekoro,Alalabi,"Egba/Yoruba staples — yam, gari, efo; local small markets supply produce"," Yoruba ceremonial attire (Aso-oke, iro & buba) at weddings and funerals", standard Yoruba drum dances and age-grade processions on special days," Christianity and Islam predominant; Yoruba traditional religion practiced by some.
","town days, Baale/chief installation ceremonies and harvest events",talking drum and bata ensembles; local praise-singing,"Yoruba
",Egba,"7.2333°N, 3.1833° E",Oba
12,Ewekoro,Abese," standard local staples (yam, cassava meals, local soups).",Yoruba traditional dress for ceremonies; contemporary wear for everyday,chieftaincy installation and community festivals include drumming/dance troupes,"churches, mosques and traditional religion presence", Abese has documented recent baale (chieftaincy) events — inauguration days are major communal festivals with processions.,percussion ensembles and praise singers for baale events,"Yoruba
",Egba,"7.2333°N, 3.1833° E",Baale
13,Ewekoro,Abule Ado,"rural Egba staples — yam, cassava and local vegetable soups.", Yoruba ceremonial wear for public events., local drums and dances at weddings/funerals.," Christianity, Islam, and some traditionalists", town days and harvest/market celebrations.,local percussion and recorded Yoruba music,"Yoruba
",Egba,"7.2333°N, 3.1833° E",Oba
14,Ewekoro,Ade Aga,typical region staples,Yoruba cloths for ceremonies,drum-led dances for social occasions,mixed faiths (churches/mosques/traditional).,local age-grade or market/harvest festivals, talking drum and community singers.,"Yoruba
",Egba,"7.2333°N, 3.1833° E",Oba
15,Ewekoro,Adopele," yams, cassava, soups — typical agrarian diet", Yoruba traditional attire at rites/events.,local dance troupes at social ceremonies.," Christianity, Islam, traditional.",town/community festivals and school/market events.," local percussion, praise singing.","Yoruba
",Egba,"7.2333°N, 3.1833° E","Oba, Baale"
16,Ewekoro,Adunbu Bose, standard regional staples (yam/cassava),Yoruba festival clothes for ceremonies., local drumming and dance for ceremonies., mixed; churches and mosques present., local events linked to chieftaincy and harvests.,percussion instruments and recorded Yoruba music.,"Yoruba
",Egba,"7.2333°N, 3.1833° E","Oba, Baale"
17,Ewekoro,Afewosa, yam/cassava staples and soups; local market produce., standard Yoruba ceremonial clothing,community percussion ensembles for rites.,"Christianity, Islam, some traditional practice.", local town observances and market/harvest gatherings., talking drum and local singers.,"Yoruba
",Egba,"7.2333°N, 3.1833° E",Baale
18,Ewekoro,Aga Olodo," regional staples — yam, gari, local soups.", Yoruba ceremonial attire for social events, drumming and dancing at weddings/funerals/age-grade events., Christian/Muslim/traditional mix.,local chieftaincy/town day events., drums and praise singing,"Yoruba
",Egba,"7.2333°N, 3.1833° E",Oba Alagodo
19,Ewekoro,Agbamaya Isale, local staples and market goods, Yoruba traditional wear for ceremonies.,local festival dances and drumming,"Christianity, Islam and traditional practices", local town occasions; small harvest/market celebrations,percussion instruments and vocalists,"Yoruba
",Egba,"7.2333°N, 3.1833° E",Oba
20,Ewekoro,Agbamaya Oke, yam/cassava meals and soups.,Yoruba ceremonial clothing on special days, festival and ceremony drumming/dancing.,mixed faiths in the community,community/market/harvest events,"talking drum, bata and local singers","Yoruba
",Egba,"7.2333°N, 3.1833° E",Oba
21,Odeda,Akonko,"yam, cassava (gari), vegetable soups (efo riro), occasional smoked fish/goat stews","iro & buba, gele, Aso-oke/agbada for men); modern wear daily.
",drum-led community dances at funerals/weddings; age-grade processions on town days,"Christianity, Islam, and Yoruba traditional practices (shrines, rites)."," local town-day/market-day, harvest celebrations and chieftaincy gatherings.
","talking drum, bata, sekere; local praise-singing at ceremonies","Yoruba
",Egba,"7°13′N, 3°31′E",Oba
22,Odeda,Olokemeji,"staples (yam, cassava), leafy-vegetable soups; food often farm-sourced.",formal Yoruba for ceremonies; casual modern for everyday.,traditional drumming ensembles used at rites and festivals," Christian churches, mosques, and some traditional worship", harvest/market events and occasional chieftaincy/civic celebrations,percussion-driven; local recorded Yoruba music played at gatherings,"Yoruba
",Egba,"7°13′N, 3°31′E",Oba
23,Odeda,Kugbajagbe," local regional staples (yam, amala/gari, soups).",Yoruba ceremonial attire when needed,village drum groups for weddings/funerals,"Christianity, Islam, traditional religion.",town days and harvest observances,talking drums and vocal praise-singers.,"Yoruba
",Egba,"7°13′N, 3°31′E","Oba, Baale"
24,Odeda,Obantoko,"typical Egba fare — yam, efo, stews.",Yoruba ceremonial fashions for social events,local performance troupes for ceremonies; drumming central, mixed (churches and mosques present),"funerary rites, market/harvest days; chieftaincy events when relevant"," drum ensembles (talking drum, bata), praise singers","Yoruba
",Egba,"7°13′N, 3°31′E","Baale, Chief"
25,Odeda,Adao,"yam/cassava staples, soups with local greens.", traditional Yoruba cloth at ceremonies., age-grade and funeral/wedding dances.," Christianity, Islam and indigenous beliefs",community and harvest festivals,percussion and vocal tradition.,"Yoruba
",Egba,"7°13′N, 3°31′E",Oba
26,Odeda,Alabata,standard regional staples; market-sourced fresh produce,Aso-oke or Ankara for ceremonies; everyday western clothes,drumming and dancing at communal events," churches, mosques, traditional practitioners.", local town day / chieftaincy and harvest celebrations.," talking drums, sekere; recorded Yoruba songs at gatherings","Yoruba
",Egba,"7°13′N, 3°31′E","Baale, Oba"
27,Odeda,Opeji," yam, cassava, local soups; staple rural diet.", Yoruba ceremonial dress on formal occasions.," wedding, funeral and festival drumming & dancing."," Christianity, Islam and traditional worship", market/harvest events and community rites,percussion ensembles and praise-singing.,"Yoruba
",Egba,"7°13′N, 3°31′E","Baale, Chief"
28,Odeda,Obete,"local staples (yam, cassava) and vegetable-based soups", traditional clothing at ceremonies; modern wear daily., local drum-based dances for social rituals, mixed faiths (church/mosque/traditional)., town observances and harvest celebrations,"talking drum, bata and vocal praise tradition.
","Yoruba
",Egba,"7°13′N, 3°31′E",Oba
29,Odeda,Ogboye," standard Egba dishes — pounded yam/amala, soups.", Yoruba formal wear for rites; everyday western attire.,communal dancing with drum accompaniment," Christianity, Islam, traditional beliefs","market days, harvest, chieftaincy events.", percussion and praise-singing.,"Yoruba
",Egba,"7°13′N, 3°31′E",Oba
30,Odeda,Ogeleje," yam/cassava-based cuisine, vegetable soups.", ceremonial Yoruba clothing for special days, drumming troupes at weddings/funerals.,"churches, mosques and traditional worship", local festivities tied to agricultural calendar, local drums and singers,"Yoruba
",Egba,"7°13′N, 3°31′E",Oba
31,Odeda,Ogunbayo," cassava, yams and soups typical of the Egba area", Yoruba traditional dress on ceremonial occasions, typical Yoruba drum/dance traditions for social events," Christianity, Islam, traditional practices", town/market/harvest days; chieftaincy ceremonies if present," talking drums, bata, praise-singers.
","Yoruba
",Egba,"7°13′N, 3°31′E",Oba
32,Odeda,Rogun," Egba staples — gari, pounded yam, efo riro, pepper soups",ceremonial Yoruba clothing (Aso-oke etc.) at special events, community drumming and dancing at marriages/funerals.,"mix of Christianity, Islam and traditional beliefs", local community events and harvest celebrations, drums and local vocalists.,"Yoruba
",Egba,"7°13′N, 3°31′E",Oba
33,Ewekoro,Agbebi,"common regional staples (yam, cassava, soups); market produce available.","Yoruba dress for ceremonies (iro & buba, gele, agbada).",drum-led dances at social events; age-grade processions," mixture of Christianity, Islam, and traditional worship.","town-day, market/harvest celebrations, chieftaincy ceremonies"," talking drum, bata, sekere and praise-singing.","Yoruba
",Egba,"7.2333°N, 3.1833° E",Oba
34,Ewekoro,Agbon,yam/cassava staples with vegetable soups,traditional Yoruba attires for formal ceremonies, local performance troupes at weddings/funerals.," churches, mosques and traditional faith practitioners.", local harvest/market days; chieftaincy celebrations.," percussion ensembles, vocal praise tradition.","Yoruba
",Egba,"7.2333°N, 3.1833° E",Oba
35,Ewekoro,Agodo,"regional staples (yam, gari, efo)",Aso-oke and everyday modern clothes,communal drumming and dances during ceremonies," Christianity, Islam, traditional beliefs",town/market day events and chieftaincy functions.,talking drums and local musicians,"Yoruba
",Egba,"7.2333°N, 3.1833° E","Oba, Olu"
36,Ewekoro,Aiyepe,"staple Egba meals — pounded yam, amala, soups with smoked fish/meat.","Yoruba ceremonial clothing, especially for weddings and naming ceremonies"," traditional drumming (e.g., bata) and social dances at festivities.","Christianity, Islam and indigenous practices.",: community/harvest festivals and market cycles; chieftaincy functions.,"percussion, praise-singing, recorded Yoruba popular music.","Yoruba
",Egba,"7.2333°N, 3.1833° E",Oba
37,Ewekoro,Ajanbata,"local staples: yam, cassava-based meals; soups and stews.",Yoruba traditional clothing at major events., local drumming and dance troupes at weddings/funerals., mixed faiths., local town days and harvest gatherings, regional percussive music and singers,"Yoruba
",Egba,"7.2333°N, 3.1833° E",Oba
38,Ewekoro,Ajegunle,local staple dishes; simple agrarian diet common,mixed modern and Yoruba traditional dress for ceremonies., drum & dance performances during rites.,": Christianity, Islam, traditional practices", chieftaincy and harvest observances.," drums (talking drum), praise-singers.","Yoruba
",Egba,"7.2333°N, 3.1833° E","Chief, Oluwo"
39,Ewekoro,Ajipatutu, typical Egba staples,Yoruba ceremonial clothing at special functions,local drumming at weddings/funerals; age-grade activities, mixed (church/mosque/traditional), community/market/harvest celebrations.,percussion ensembles and singers.,"Yoruba
",Egba,"7.2333°N, 3.1833° E",Oba
40,Ewekoro,Akakun," yam, cassava, soups; locally produced agricultural foods",Yoruba formal wear on ceremonial days., drum-based music performances for social rituals.," Christianity, Islam, and traditional beliefs present.",local market & harvest events; occasional chieftaincy ceremonies.," talking drum, bata, praise-singers.","Yoruba
",Egba,"7.2333°N, 3.1833° E",Oba
41,Ewekoro,Ake,standard regional staples; local produce, Yoruba attire for weddings/funerals., communal dances with drum accompaniment,mix of Christianity and Islam with traditionalists., local festivities and community rites., percussive music (talking drum); praise-singing.,"Yoruba
",Egba,"7.2333°N, 3.1833° E","Baale, Oba"
42,Ewekoro,Arigbajo, yam/cassava-based foods; local soups,: traditional Yoruba dress at formal events., drum ensembles at social ceremonies," Christianity, Islam and traditional practices.", town-day and harvest celebrations.,local percussion and praise singing.,"Yoruba
",Egba,"7.2333°N, 3.1833° E","Oba, Olu, Alaigbajo"
43,Ewekoro,Asa/Yobo," Egba staples (yam, gari, vegetable soups).", Yoruba ceremonial clothing for rites.,local drumming for community events., mixed faiths; churches and mosques present.," harvest, market day events and chieftaincy observances.", talking drum and local singers,"Yoruba
",Egba,"7.2333°N, 3.1833° E","Oba, Baale"
44,Ewekoro,Elere/Onigbedu,staple Yoruba cuisine sourced from local farms,traditional ceremonial wear plus modern clothes, drum-based performances during social events.," Christianity, Islam, traditional religion.",local town days and harvest observances.," percussion instruments, praise-singing.","Yoruba
",Egba,"7.2333°N, 3.1833° E",Baale
45,Ewekoro,Itori," yam, cassava and soups; local markets supply fish and meat.", Yoruba ceremonial clothes for celebrations; work clothes for quarry/industry workers.,traditional drumming at social ceremonies; town days see processions and parades.," Christianity, Islam and traditional practices", town festivals and chieftaincy events; local community observances connected to labour/market cycles,"percussion, work-song traditions, praise-singing.","Yoruba
",Egba,"7.2333°N, 3.1833° E","Oba, Olu"
46,Ewekoro,Mosan,"local staples — yam, gari, vegetable soups.",Yoruba traditional attire for formal occasions., community drumming and dances for ceremonies," churches, mosques and traditionalists.",local harvest and market festivals.,talking drum and local vocalists,"Yoruba
",Egba,"7.2333°N, 3.1833° E",Oba
47,Ewekoro,Obada-Oko,"agrarian staples: yam, cassava, soups and stews.",Yoruba ceremonial dress during festivals and rites.,drum-based performances at weddings/funerals.,Christian and Muslim communities; traditional worship present., community and agricultural celebration events., percussion and praise-singers.,"Yoruba
",Egba,"7.2333°N, 3.1833° E","Oba, Olu"
48,Ewekoro,Owowo,typical Egba/Yoruba staples, Yoruba traditional clothes for ceremonies,local drum ensembles for rites.,"Christianity, Islam, and traditional beliefs",market days and harvest events, talking drum and vocal praise tradition,"Yoruba
",Egba,"7.2333°N, 3.1833° E","Oba, Baale"
49,Ewekoro,Papalanto," local staples (yams, cassava) and market-sold produce.",Yoruba ceremonial attire; work clothes common due to quarrying/industrial activities nearby.,social dances and performance troupes at ceremonies.," Christianity, Islam and traditional practices."," town festivals, chieftaincy events and harvest/market gatherings.",percussion instruments and praise-singing.,"Yoruba
",Egba,"7.2333°N, 3.1833° E","Oba, Onipapa"
50,Ewekoro,Wasinmi,yam/cassava staples and vegetable soups., Yoruba traditional dress for communal events, drumming and social dances at weddings/funerals.," Christianity, Islam and some traditional observances.",local harvest/market celebrations., talking drum and singers,"Yoruba
",Egba,"7.2333°N, 3.1833° E","Oba, Oniwasinmi"
51,Ijebu North- East,ATAN,POUNDED YAM AND EGUSI,"Agbada, iro & buba","Bata, Egungun",Christianity/Islam,"Egungun, Gelede","Fuji, Jùjú, Apala, Sakara, Waka","Yoruba
",Ijebu,"6.846°N, 3.917°E","Oba, Elese"
52,Ijebu North- East,OGBERE,Amala & ewedu,"Ankara, lace, beadwork","Gese, Ijo Ibile",Christianity/Islam,"Oro, New Yam","Fuji, Jùjú, Apala, Sakara, Waka, Woro","Yoruba
",Ijebu,"6.850°N, 3.920°E","Oba, Sapenuwa"
53,Ijebu North- East,IMOWO,Ofada rice & ayamase,"Buba & sokoto, ipele","Gelede, Egungun",Christianity/Islam,"Gelede, Imowo Day","Fuji, Jùjú, Apala, Sakara, Waka, Woro","Yoruba
",Ijebu,"6.860°N, 3.930°E |","Oba, Olowu"
54,Ijebu North ,ATIKORI," Ikokore, pounded yam ","Agbada, iro & buba","Bata, Egungun",Christianity/Islam," Ojude Oba, Oro","Fuji, Jùjú, Apala, Sakara, Waka","Yoruba
",Ijebu,"6.850°N, 3.920°E","Oba, Keegbo"
55,Ijebu North ,OKE- AGBO,Amala & ewedu,"Ankara, lace, ipele","Gese, Ijo Ibile",Christianity/Islam,"Gelede, New Yam","Fuji, Jùjú, Apala, Sakara, Waka","Yoruba
",Ijebu,"6.852°N, 3.922°E","Oba, Bejeroku"
56,Ijebu North ,OJOWO/ JAPARA,Ofada rice & ayamase,"Buba & sokoto, gele ","Egungun, Gelede",Christianity/Islam,"Ojowo Day, Oro","Fuji, Jùjú, Apala, Sakara, Waka","Yoruba
",Ijebu,"6.854°N, 3.924°E","Oba, Olokine, Abija Parako"
57,Ijebu North ,OKE-SOPEN,Yam porridge (asaro),"Lace, traditional wraps","Bata, Gese",Christianity/Islam,"Oro, Gelede","Fuji, Jùjú, Apala, Sakara, Waka","Yoruba
",Ijebu,"6.856°N, 3.926°E","Oba, Sopenlukale"
58,Ijebu North ,OME,Eba & okra soup ,"Ankara, agbada ","Egungun, Ijo Ibile",Christianity/Islam,Ome Festival,"Fuji, Jùjú, Apala, Sakara, Waka","Yoruba
",Ijebu," 6.858°N, 3.928°E",Oba
59,Ijebu North ,ORU-AWA-ILAPORU,Fufu & vegetable soup,"Buba & sokoto, ipele","Gese, Bata ",Christianity/Islam,Oro Festival ,"Fuji, Jùjú, Apala, Sakara, Waka","Yoruba
",Ijebu,"6.860°N, 3.930°E","Oba, Oloru"
60,Ijebu North ,OSUN AND AGO- IWOYE,"      Ikokore, rice & stew","             Agbada, iro & buba","       Egungun, Gese",          Christianity/Islam,"Osun Day, Ojude Oba","Fuji, Jùjú, Apala, Sakara, Waka","Yoruba
",Ijebu,"   6.862°N, 3.932°E","Oba, Ebumawe"
61,Ijebu North ,AKO-ONIGBABGO GELETE,   Yam & garden egg sauce,      Traditional Yoruba wear,"        Bata, Ijo Ibile",          Christianity/Islam,Gelete Festival,"Fuji, Jùjú, Apala, Sakara, Waka","Yoruba
",Ijebu,"   6.864°N, 3.934°E ","Oba, Obagunte"
62,Ijebu North ,      MAMU/ EHIN- ETI,         Ofada rice & stew ,"        Buba & sokoto, ipele","      Egungun, Gelede",          Christianity/Islam,Mamu Day Celebration ,"Fuji, Jùjú, Apala, Sakara, Waka","Yoruba
",Ijebu,"   6.866°N, 3.936°E","Oba, Olu"
63,Ijebu Ode,Ijebu Ode,"Yam, cassava dishes, local soups (egusi, efo), fish where applicable","Yoruba traditional attire: Aso-Oke, wrappers, agbada","Gelede, masquerade dances, Bata","Christianity, Islam, Traditional Yoruba religion","Agemo, Ojude Oba and local community festivals","Highlife, Juju, traditional drumming","Yoruba
",Ijebu,6°49′12″ N 3°55′0″ N,"Oba, Awujale, Osugbo, Ilamuren (Olisa, Ogbeni-Oja), Pampa"
64,Ijebu Ode,Odo-Agamegi,"Yam, cassava dishes, local soups (egusi, efo), fish where applicable","Yoruba traditional attire: Aso-Oke, wrappers, agbada","Gelede, masquerade dances, Bata","Christianity, Islam, Traditional Yoruba religion","Agemo, Ojude Oba and local community festivals","Highlife, Juju, traditional drumming","Yoruba
",Ijebu,6°49′12″ N 3°55′0″ N,Olisa
65,Ijebu Ode,Ogbo,"Yam, cassava dishes, local soups (egusi, efo), fish where applicable","Yoruba traditional attire: Aso-Oke, wrappers, agbada","Gelede, masquerade dances, Bata","Christianity, Islam, Traditional Yoruba religion","Agemo, Ojude Oba and local community festivals","Highlife, Juju, traditional drumming","Yoruba
",Ijebu,6°49′12″ N 3°55′0″ N,Mogosu
66,Ijebu Ode,Italupe,"Yam, cassava dishes, local soups (egusi, efo), fish where applicable","Yoruba traditional attire: Aso-Oke, wrappers, agbada","Gelede, masquerade dances, Bata","Christianity, Islam, Traditional Yoruba religion","Agemo, Ojude Oba and local community festivals","Highlife, Juju, traditional drumming","Yoruba
",Ijebu,6°49′12″ N 3°55′0″ N,Baalele
67,Ijebu Ode,Ososa,"Yam, cassava dishes, local soups (egusi, efo), fish where applicable","Yoruba traditional attire: Aso-Oke, wrappers, agbada","Gelede, masquerade dances, Bata","Christianity, Islam, Traditional Yoruba religion","Agemo, Ojude Oba and local community festivals","Highlife, Juju, traditional drumming","Yoruba
",Ijebu,6°42′58″ N 3°41′53″ N,"Oba, Gbegande"
68,Ijebu Ode,Imomo,"Yam, cassava dishes, local soups (egusi, efo), fish where applicable","Yoruba traditional attire: Aso-Oke, wrappers, agbada","Gelede, masquerade dances, Bata","Christianity, Islam, Traditional Yoruba religion","Agemo, Ojude Oba and local community festivals","Highlife, Juju, traditional drumming","Yoruba
",Ijebu,6°47′60″ N 3°53′60″ N,"Chief, Olowa"
69,Ijebu Ode,Imawen,"Yam, cassava dishes, local soups (egusi, efo), fish where applicable","Yoruba traditional attire: Aso-Oke, wrappers, agbada","Gelede, masquerade dances, Bata","Christianity, Islam, Traditional Yoruba religion","Agemo, Ojude Oba and local community festivals","Highlife, Juju, traditional drumming","Yoruba
",Ijebu,6°47′60″ N 3°53′60″ N,Oba
70,Ijebu Ode,Odo Ogbun,"Yam, cassava dishes, local soups (egusi, efo), fish where applicable","Yoruba traditional attire: Aso-Oke, wrappers, agbada","Gelede, masquerade dances, Bata","Christianity, Islam, Traditional Yoruba religion","Agemo, Ojude Oba and local community festivals","Highlife, Juju, traditional drumming","Yoruba
",Ijebu,6°49′12″ N 3°55′0″ N,Oba
71,Ijebu Ode,Apa (Mesan),"Yam, cassava dishes, local soups (egusi, efo), fish where applicable","Yoruba traditional attire: Aso-Oke, wrappers, agbada","Gelede, masquerade dances, Bata","Christianity, Islam, Traditional Yoruba religion","Agemo, Ojude Oba and local community festivals","Highlife, Juju, traditional drumming","Yoruba
",Ijebu,6°49′12″ N 3°55′0″ N,Oba
72,Ijebu Ode,Okelamuren,"Yam, cassava dishes, local soups (egusi, efo), fish where applicable","Yoruba traditional attire: Aso-Oke, wrappers, agbada","Gelede, masquerade dances, Bata","Christianity, Islam, Traditional Yoruba religion","Agemo, Ojude Oba and local community festivals","Highlife, Juju, traditional drumming","Yoruba
",Ijebu,6°49′12″ N 3°55′0″ N,"Oba, Lamuren"
73,Ijebu Ode,Abapawa,"Yam, cassava dishes, local soups (egusi, efo), fish where applicable","Yoruba traditional attire: Aso-Oke, wrappers, agbada","Gelede, masquerade dances, Bata","Christianity, Islam, Traditional Yoruba religion","Agemo, Ojude Oba and local community festivals","Highlife, Juju, traditional drumming","Yoruba
",Ijebu,6°49′12″ N 3°55′0″ N,Oba
74,Ijebu Ode,Erunwon,"Yam, cassava dishes, local soups (egusi, efo), fish where applicable","Yoruba traditional attire: Aso-Oke, wrappers, agbada","Gelede, masquerade dances, Bata","Christianity, Islam, Traditional Yoruba religion","Agemo, Ojude Oba and local community festivals","Highlife, Juju, traditional drumming","Yoruba
",Ijebu,6°49′12″ N 3°55′0″ N,Elerunwon
75,Ijebu Ode,Apunren,"Yam, cassava dishes, local soups (egusi, efo), fish where applicable","Yoruba traditional attire: Aso-Oke, wrappers, agbada","Gelede, masquerade dances, Bata","Christianity, Islam, Traditional Yoruba religion","Agemo, Ojude Oba and local community festivals","Highlife, Juju, traditional drumming","Yoruba
",Ijebu,6°49′12″ N 3°55′0″ N,Oba
76,Ijebu Ode,Isonyin,"Yam, cassava dishes, local soups (egusi, efo), fish where applicable","Yoruba traditional attire: Aso-Oke, wrappers, agbada","Gelede, masquerade dances, Bata","Christianity, Islam, Traditional Yoruba religion","Agemo, Ojude Oba and local community festivals","Highlife, Juju, traditional drumming","Yoruba
",Ijebu,6°49′60″ N 3°58′60″ N,"Oba, Isonyin"
77,Ijebu Ode,Imoru,"Yam, cassava dishes, local soups (egusi, efo), fish where applicable","Yoruba traditional attire: Aso-Oke, wrappers, agbada","Gelede, masquerade dances, Bata","Christianity, Islam, Traditional Yoruba religion","Agemo, Ojude Oba and local community festivals","Highlife, Juju, traditional drumming","Yoruba
",Ijebu,6°45′0″ N 3°57′0″ N,"Oba, Orugbogbo"
78,Ijebu Ode,Oke-Eri,"Yam, cassava dishes, local soups (egusi, efo), fish where applicable","Yoruba traditional attire: Aso-Oke, wrappers, agbada","Gelede, masquerade dances, Bata","Christianity, Islam, Traditional Yoruba religion","Agemo, Ojude Oba and local community festivals","Highlife, Juju, traditional drumming","Yoruba
",Ijebu,6°45′36″ N 3°55′48″ N,"Oba, Olu"
79,Ijebu Ode,Imagbon,"Yam, cassava dishes, local soups (egusi, efo), fish where applicable","Yoruba traditional attire: Aso-Oke, wrappers, agbada","Gelede, masquerade dances, Bata","Christianity, Islam, Traditional Yoruba religion","Agemo, Ojude Oba and local community festivals","Highlife, Juju, traditional drumming","Yoruba
",Ijebu,6°45′55″ N 3°57′42″ N,Baale
80,Ijebu Ode,Ijebu-Isiwo,"Yam, cassava dishes, local soups (egusi, efo), fish where applicable","Yoruba traditional attire: Aso-Oke, wrappers, agbada","Gelede, masquerade dances, Bata","Christianity, Islam, Traditional Yoruba religion","Agemo, Ojude Oba and local community festivals","Highlife, Juju, traditional drumming","Yoruba
",Ijebu,6°49′12″ N 3°55′0″ N,"Chief, Lamodi"
81,Ijebu Ode,Okemoyin,"Yam, cassava dishes, local soups (egusi, efo), fish where applicable","Yoruba traditional attire: Aso-Oke, wrappers, agbada","Gelede, masquerade dances, Bata","Christianity, Islam, Traditional Yoruba religion","Agemo, Ojude Oba and local community festivals","Highlife, Juju, traditional drumming","Yoruba
",Ijebu,6°49′12″ N 3°55′0″ N,Chief
82,Ijebu Ode,Ijebu Imushin,"Yam, cassava dishes, local soups (egusi, efo), fish where applicable","Yoruba traditional attire: Aso-Oke, wrappers, agbada","Gelede, masquerade dances, Bata","Christianity, Islam, Traditional Yoruba religion","Agemo, Ojude Oba and local community festivals","Highlife, Juju, traditional drumming","Yoruba
",Ijebu,6°47′36″ N 3°59′30″ N,"Oba, Oloko"
83,Odogbolu,Odogbolu,"Yam, cassava, soups (egusi, efo)",Traditional Yoruba attire,"Masquerade dances, local cultural dances","Christianity, Islam, Traditional Yoruba religion",Local community festivals and cultural events,"Highlife, Juju, traditional drumming","Yoruba
",Egba/Ijebu,6°54′0″ N 3°42′0″ N,"Oba, Alaye"
84,Odogbolu,Magbon,"Yam, cassava, soups (egusi, efo)",Traditional Yoruba attire,"Masquerade dances, local cultural dances","Christianity, Islam, Traditional Yoruba religion",Local community festivals and cultural events,"Highlife, Juju, traditional drumming","Yoruba
",Egba/Ijebu,6°54′0″ N 3°42′0″ N,Chief
85,Odogbolu,Imaka,"Yam, cassava, soups (egusi, efo)",Traditional Yoruba attire,"Masquerade dances, local cultural dances","Christianity, Islam, Traditional Yoruba religion",Local community festivals and cultural events,"Highlife, Juju, traditional drumming","Yoruba
",Egba/Ijebu,6°51′36″ N 3°43′48″ N,"Oba, Alaye"
86,Odogbolu,Adofe,"Yam, cassava, soups (egusi, efo)",Traditional Yoruba attire,"Masquerade dances, local cultural dances","Christianity, Islam, Traditional Yoruba religion",Local community festivals and cultural events,"Highlife, Juju, traditional drumming","Yoruba
",Egba/Ijebu,6°52′48″ N 3°43′12″ N,"Oba, Alaye"
87,Odogbolu,Aiyepe,"Yam, cassava, soups (egusi, efo)",Traditional Yoruba attire,"Masquerade dances, local cultural dances","Christianity, Islam, Traditional Yoruba religion",Local community festivals and cultural events,"Highlife, Juju, traditional drumming","Yoruba
",Egba/Ijebu,6°52′12″ N 3°42′36″ N,Obas
88,Odogbolu,Araromi,"Yam, cassava, soups (egusi, efo)",Traditional Yoruba attire,"Masquerade dances, local cultural dances","Christianity, Islam, Traditional Yoruba religion",Local community festivals and cultural events,"Highlife, Juju, traditional drumming","Yoruba
",Egba/Ijebu,6°52′48″ N 3°41′24″ N,Oba
89,Odogbolu,Eyinwa,"Yam, cassava, soups (egusi, efo)",Traditional Yoruba attire,"Masquerade dances, local cultural dances","Christianity, Islam, Traditional Yoruba religion",Local community festivals and cultural events,"Highlife, Juju, traditional drumming","Yoruba
",Egba/Ijebu,6°53′24″ N 3°40′48″ N,Oba
90,Odogbolu,Ijesa Ijebu,"Yam, cassava, soups (egusi, efo)",Traditional Yoruba attire,"Masquerade dances, local cultural dances","Christianity, Islam, Traditional Yoruba religion",Local community festivals and cultural events,"Highlife, Juju, traditional drumming","Yoruba
",Egba/Ijebu,6°51′36″ N 3°42′0″ N,Oba
91,Odogbolu,Isaye,"Yam, cassava, soups (egusi, efo)",Traditional Yoruba attire,"Masquerade dances, local cultural dances","Christianity, Islam, Traditional Yoruba religion",Local community festivals and cultural events,"Highlife, Juju, traditional drumming","Yoruba
",Egba/Ijebu,6°52′12″ N 3°41′24″ N,"Oba, Alaye"
92,Odogbolu,Itamerin,"Yam, cassava, soups (egusi, efo)",Traditional Yoruba attire,"Masquerade dances, local cultural dances","Christianity, Islam, Traditional Yoruba religion",Local community festivals and cultural events,"Highlife, Juju, traditional drumming","Yoruba
",Egba/Ijebu,6°52′48″ N 3°40′48″ N,Oba
93,Odogbolu,Moloko,"Yam, cassava, soups (egusi, efo)",Traditional Yoruba attire,"Masquerade dances, local cultural dances","Christianity, Islam, Traditional Yoruba religion",Local community festivals and cultural events,"Highlife, Juju, traditional drumming","Yoruba
",Egba/Ijebu,6°53′24″ N 3°42′36″ N,Oba
94,Odogbolu,Ogoji,"Yam, cassava, soups (egusi, efo)",Traditional Yoruba attire,"Masquerade dances, local cultural dances","Christianity, Islam, Traditional Yoruba religion",Local community festivals and cultural events,"Highlife, Juju, traditional drumming","Yoruba
",Egba/Ijebu,6°52′48″ N 3°41′42″ N,Oba
95,Odogbolu,Ogudu,"Yam, cassava, soups (egusi, efo)",Traditional Yoruba attire,"Masquerade dances, local cultural dances","Christianity, Islam, Traditional Yoruba religion",Local community festivals and cultural events,"Highlife, Juju, traditional drumming","Yoruba
",Egba/Ijebu,6°53′6″ N 3°42′18″ N,Oba
96,Odogbolu,Okunowa,"Yam, cassava, soups (egusi, efo)",Traditional Yoruba attire,"Masquerade dances, local cultural dances","Christianity, Islam, Traditional Yoruba religion",Local community festivals and cultural events,"Highlife, Juju, traditional drumming","Yoruba
",Egba/Ijebu,6°52′12″ N 3°41′6″ N,Baale
97,Odogbolu,Omju Warun,"Yam, cassava, soups (egusi, efo)",Traditional Yoruba attire,"Masquerade dances, local cultural dances","Christianity, Islam, Traditional Yoruba religion",Local community festivals and cultural events,"Highlife, Juju, traditional drumming","Yoruba
",Egba/Ijebu,6°51′36″ N 3°41′42″ N,Oba
98,Odogbolu,Owoyade,"Yam, cassava, soups (egusi, efo)",Traditional Yoruba attire,"Masquerade dances, local cultural dances","Christianity, Islam, Traditional Yoruba religion",Local community festivals and cultural events,"Highlife, Juju, traditional drumming","Yoruba
",Egba/Ijebu,6°52′30″ N 3°42′36″ N,Oba
99,Ipokia,Ipokia I,"Local Yoruba/Yewa dishes (e.g., Gbangba, Imoyo, Adalu, Tuwo, Eko).","Traditional Yoruba attire (iro and buba, agbada, aso-oke for ceremonies).",Local Yoruba dances and masquerade performances (shared Yoruba forms).,"Mixture of Christianity, Islam and traditional beliefs (Ifa, ancestor veneration).","Local town festivals, traditional and masquerade festivals; seasonal/community festivals.","Yoruba musical traditions (drumming, talking drums, praise-singing).","Yoruba
","Anago(main), Egun, Eyo(Awori)","6.5250° N, 2.8425° E","Oba, Onipokia"
100,Ipokia,Ipokia II,"Local Yoruba/Yewa dishes (e.g., Gbangba, Imoyo, Adalu, Tuwo, Eko).","Traditional Yoruba attire (iro and buba, agbada, aso-oke for ceremonies).",Local Yoruba dances and masquerade performances (shared Yoruba forms).,"Mixture of Christianity, Islam and traditional beliefs (Ifa, ancestor veneration).","Local town festivals, traditional and masquerade festivals; seasonal/community festivals.","Yoruba musical traditions (drumming, talking drums, praise-singing).","Yoruba
","Anago(main), Egun, Eyo(Awori)","6.5250° N, 2.8425° E","Oba, Onipokia"
101,Ipokia,Agosasa,"Local Yoruba/Yewa dishes (e.g., Gbangba, Imoyo, Adalu, Tuwo, Eko).","Traditional Yoruba attire (iro and buba, agbada, aso-oke for ceremonies).",Local Yoruba dances and masquerade performances (shared Yoruba forms).,"Mixture of Christianity, Islam and traditional beliefs (Ifa, ancestor veneration).","Local town festivals, traditional and masquerade festivals; seasonal/community festivals.","Yoruba musical traditions (drumming, talking drums, praise-singing).","Yoruba
","Anago(main), Egun, Eyo(Awori)","6.5250° N, 2.8425° E","Oba, Onipokia"
102,Ipokia,Ijofin/Idosa,"Local Yoruba/Yewa dishes (e.g., Gbangba, Imoyo, Adalu, Tuwo, Eko).","Traditional Yoruba attire (iro and buba, agbada, aso-oke for ceremonies).",Local Yoruba dances and masquerade performances (shared Yoruba forms).,"Mixture of Christianity, Islam and traditional beliefs (Ifa, ancestor veneration).","Local town festivals, traditional and masquerade festivals; seasonal/community festivals.","Yoruba musical traditions (drumming, talking drums, praise-singing).","Yoruba
","Anago(main), Egun, Eyo(Awori)","6.5250° N, 2.8425° E","Oba, Onipokia"
103,Ipokia,Tube,"Local Yoruba/Yewa dishes (e.g., Gbangba, Imoyo, Adalu, Tuwo, Eko).","Traditional Yoruba attire (iro and buba, agbada, aso-oke for ceremonies).",Local Yoruba dances and masquerade performances (shared Yoruba forms).,"Mixture of Christianity, Islam and traditional beliefs (Ifa, ancestor veneration).","Local town festivals, traditional and masquerade festivals; seasonal/community festivals.","Yoruba musical traditions (drumming, talking drums, praise-singing).","Yoruba
","Anago(main), Egun, Eyo(Awori)","6.5250° N, 2.8425° E","Oba, Onipokia"
104,Ipokia,Agada,"Local Yoruba/Yewa dishes (e.g., Gbangba, Imoyo, Adalu, Tuwo, Eko).","Traditional Yoruba attire (iro and buba, agbada, aso-oke for ceremonies).",Local Yoruba dances and masquerade performances (shared Yoruba forms).,"Mixture of Christianity, Islam and traditional beliefs (Ifa, ancestor veneration).","Local town festivals, traditional and masquerade festivals; seasonal/community festivals.","Yoruba musical traditions (drumming, talking drums, praise-singing).","Yoruba
","Anago(main), Egun, Eyo(Awori)","6.5250° N, 2.8425° E","Oba, Onipokia"
105,Ipokia,Mauni I,"Local Yoruba/Yewa dishes (e.g., Gbangba, Imoyo, Adalu, Tuwo, Eko).","Traditional Yoruba attire (iro and buba, agbada, aso-oke for ceremonies).",Local Yoruba dances and masquerade performances (shared Yoruba forms).,"Mixture of Christianity, Islam and traditional beliefs (Ifa, ancestor veneration).","Local town festivals, traditional and masquerade festivals; seasonal/community festivals.","Yoruba musical traditions (drumming, talking drums, praise-singing).","Yoruba
","Anago(main), Egun, Eyo(Awori)","6.5250° N, 2.8425° E","Oba, Onipokia"
106,Ipokia,Mauni II,"Local Yoruba/Yewa dishes (e.g., Gbangba, Imoyo, Adalu, Tuwo, Eko).","Traditional Yoruba attire (iro and buba, agbada, aso-oke for ceremonies).",Local Yoruba dances and masquerade performances (shared Yoruba forms).,"Mixture of Christianity, Islam and traditional beliefs (Ifa, ancestor veneration).","Local town festivals, traditional and masquerade festivals; seasonal/community festivals.","Yoruba musical traditions (drumming, talking drums, praise-singing).","Yoruba
","Anago(main), Egun, Eyo(Awori)","6.5250° N, 2.8425° E","Oba, Onipokia"
107,Ipokia,Ajegunle,"Local Yoruba/Yewa dishes (e.g., Gbangba, Imoyo, Adalu, Tuwo, Eko).","Traditional Yoruba attire (iro and buba, agbada, aso-oke for ceremonies).",Local Yoruba dances and masquerade performances (shared Yoruba forms).,"Mixture of Christianity, Islam and traditional beliefs (Ifa, ancestor veneration).","Local town festivals, traditional and masquerade festivals; seasonal/community festivals.","Yoruba musical traditions (drumming, talking drums, praise-singing).","Yoruba
","Anago(main), Egun, Eyo(Awori)","6.5250° N, 2.8425° E","Oba, Onipokia"
108,Ipokia,Ifonyintedo,"Local Yoruba/Yewa dishes (e.g., Gbangba, Imoyo, Adalu, Tuwo, Eko).","Traditional Yoruba attire (iro and buba, agbada, aso-oke for ceremonies).",Local Yoruba dances and masquerade performances (shared Yoruba forms).,"Mixture of Christianity, Islam and traditional beliefs (Ifa, ancestor veneration).","Local town festivals, traditional and masquerade festivals; seasonal/community festivals.","Yoruba musical traditions (drumming, talking drums, praise-singing).","Yoruba
","Anago(main), Egun, Eyo(Awori)","6.5250° N, 2.8425° E","Oba, Onipokia"
109,Ipokia,Idiroko,"Local Yoruba/Yewa dishes (e.g., Gbangba, Imoyo, Adalu, Tuwo, Eko).","Traditional Yoruba attire (iro and buba, agbada, aso-oke for ceremonies).",Local Yoruba dances and masquerade performances (shared Yoruba forms).,"Mixture of Christianity, Islam and traditional beliefs (Ifa, ancestor veneration).","Local town festivals, traditional and masquerade festivals; seasonal/community festivals.","Yoruba musical traditions (drumming, talking drums, praise-singing).","Yoruba
","Anago(main), Egun, Eyo(Awori)","6.5250° N, 2.8425° E","Oba, Onipokia"
110,Ipokia,Ihunbo/Ilase,"Local Yoruba/Yewa dishes (e.g., Gbangba, Imoyo, Adalu, Tuwo, Eko).","Traditional Yoruba attire (iro and buba, agbada, aso-oke for ceremonies).",Local Yoruba dances and masquerade performances (shared Yoruba forms).,"Mixture of Christianity, Islam and traditional beliefs (Ifa, ancestor veneration).","Local town festivals, traditional and masquerade festivals; seasonal/community festivals.","Yoruba musical traditions (drumming, talking drums, praise-singing).","Yoruba
","Anago(main), Egun, Eyo(Awori)","6.5250° N, 2.8425° E","Oba, Onipokia"
111,Ado-Odo/Ota,Ota I,"Awori/Yoruba cuisine: similar Yoruba staples (pounded yam, soups, corn-based snacks), local specialties.","Traditional Yoruba/Awori attire (iro and buba, agbada, aso-oke).","Egungun masquerades, Gelede and other Awori dances; community performance traditions.","Predominantly Christianity and Islam, with enduring traditional practices (masquerades/shrine worship).","Egungun festival (notably in Ota), Gelede, Iganmode/other Awori festivals, Zangbeto among Egun communities.","Yoruba drumming ensembles, bata and gudugudu rhythms, praise-singing and choral Christian music.","Yoruba
",Awori,"6.6237° N, 3.0863° E","Oba, Olota"
112,Ado-Odo/Ota,Ota II,"Awori/Yoruba cuisine: similar Yoruba staples (pounded yam, soups, corn-based snacks), local specialties.","Traditional Yoruba/Awori attire (iro and buba, agbada, aso-oke).","Egungun masquerades, Gelede and other Awori dances; community performance traditions.","Predominantly Christianity and Islam, with enduring traditional practices (masquerades/shrine worship).","Egungun festival (notably in Ota), Gelede, Iganmode/other Awori festivals, Zangbeto among Egun communities.","Yoruba drumming ensembles, bata and gudugudu rhythms, praise-singing and choral Christian music.","Yoruba
",Awori,"6.6237° N, 3.0863° E","Oba, Olota"
113,Ado-Odo/Ota,Ota III,"Awori/Yoruba cuisine: similar Yoruba staples (pounded yam, soups, corn-based snacks), local specialties.","Traditional Yoruba/Awori attire (iro and buba, agbada, aso-oke).","Egungun masquerades, Gelede and other Awori dances; community performance traditions.","Predominantly Christianity and Islam, with enduring traditional practices (masquerades/shrine worship).","Egungun festival (notably in Ota), Gelede, Iganmode/other Awori festivals, Zangbeto among Egun communities.","Yoruba drumming ensembles, bata and gudugudu rhythms, praise-singing and choral Christian music.","Yoruba
",Awori,"6.6237° N, 3.0863° E","Oba, Olota"
114,Ado-Odo/Ota,Sango,"Awori/Yoruba cuisine: similar Yoruba staples (pounded yam, soups, corn-based snacks), local specialties.","Traditional Yoruba/Awori attire (iro and buba, agbada, aso-oke).","Egungun masquerades, Gelede and other Awori dances; community performance traditions.","Predominantly Christianity and Islam, with enduring traditional practices (masquerades/shrine worship).","Egungun festival (notably in Ota), Gelede, Iganmode/other Awori festivals, Zangbeto among Egun communities.","Yoruba drumming ensembles, bata and gudugudu rhythms, praise-singing and choral Christian music.","Yoruba
",Awori,"6.6237° N, 3.0863° E","Oba, Onisango"
115,Ado-Odo/Ota,Ijoko,"Awori/Yoruba cuisine: similar Yoruba staples (pounded yam, soups, corn-based snacks), local specialties.","Traditional Yoruba/Awori attire (iro and buba, agbada, aso-oke).","Egungun masquerades, Gelede and other Awori dances; community performance traditions.","Predominantly Christianity and Islam, with enduring traditional practices (masquerades/shrine worship).","Egungun festival (notably in Ota), Gelede, Iganmode/other Awori festivals, Zangbeto among Egun communities.","Yoruba drumming ensembles, bata and gudugudu rhythms, praise-singing and choral Christian music.","Yoruba
",Awori,"6.6237° N, 3.0863° E","Oba, Onijoko"
116,Ado-Odo/Ota,Atan,"Awori/Yoruba cuisine: similar Yoruba staples (pounded yam, soups, corn-based snacks), local specialties.","Traditional Yoruba/Awori attire (iro and buba, agbada, aso-oke).","Egungun masquerades, Gelede and other Awori dances; community performance traditions.","Predominantly Christianity and Islam, with enduring traditional practices (masquerades/shrine worship).","Egungun festival (notably in Ota), Gelede, Iganmode/other Awori festivals, Zangbeto among Egun communities.","Yoruba drumming ensembles, bata and gudugudu rhythms, praise-singing and choral Christian music.","Yoruba
",Awori,"6.6237° N, 3.0863° E","Oba, Olu"
117,Ado-Odo/Ota,Iju,"Awori/Yoruba cuisine: similar Yoruba staples (pounded yam, soups, corn-based snacks), local specialties.","Traditional Yoruba/Awori attire (iro and buba, agbada, aso-oke).","Egungun masquerades, Gelede and other Awori dances; community performance traditions.","Predominantly Christianity and Islam, with enduring traditional practices (masquerades/shrine worship).","Egungun festival (notably in Ota), Gelede, Iganmode/other Awori festivals, Zangbeto among Egun communities.","Yoruba drumming ensembles, bata and gudugudu rhythms, praise-singing and choral Christian music.","Yoruba
",Awori,"6.6237° N, 3.0863° E",Oba Oniju
118,Ado-Odo/Ota,Ilogbo,"Awori/Yoruba cuisine: similar Yoruba staples (pounded yam, soups, corn-based snacks), local specialties.","Traditional Yoruba/Awori attire (iro and buba, agbada, aso-oke).","Egungun masquerades, Gelede and other Awori dances; community performance traditions.","Predominantly Christianity and Islam, with enduring traditional practices (masquerades/shrine worship).","Egungun festival (notably in Ota), Gelede, Iganmode/other Awori festivals, Zangbeto among Egun communities.","Yoruba drumming ensembles, bata and gudugudu rhythms, praise-singing and choral Christian music.","Yoruba
",Awori,"6.6237° N, 3.0863° E",Oba Onilogbo
119,Ado-Odo/Ota,Ado Odo I,"Awori/Yoruba cuisine: similar Yoruba staples (pounded yam, soups, corn-based snacks), local specialties.","Traditional Yoruba/Awori attire (iro and buba, agbada, aso-oke).","Egungun masquerades, Gelede and other Awori dances; community performance traditions.","Predominantly Christianity and Islam, with enduring traditional practices (masquerades/shrine worship).","Egungun festival (notably in Ota), Gelede, Iganmode/other Awori festivals, Zangbeto among Egun communities.","Yoruba drumming ensembles, bata and gudugudu rhythms, praise-singing and choral Christian music.","Yoruba
",Awori,"6.6237° N, 3.0863° E",Oba Olofin Adimula Oodua
120,Ado-Odo/Ota,Ado Odo II,"Awori/Yoruba cuisine: similar Yoruba staples (pounded yam, soups, corn-based snacks), local specialties.","Traditional Yoruba/Awori attire (iro and buba, agbada, aso-oke).","Egungun masquerades, Gelede and other Awori dances; community performance traditions.","Predominantly Christianity and Islam, with enduring traditional practices (masquerades/shrine worship).","Egungun festival (notably in Ota), Gelede, Iganmode/other Awori festivals, Zangbeto among Egun communities.","Yoruba drumming ensembles, bata and gudugudu rhythms, praise-singing and choral Christian music.","Yoruba
",Awori,"6.6237° N, 3.0863° E",Oba Olofin Adimula Oodua
121,Ado-Odo/Ota,Ere,"Awori/Yoruba cuisine: similar Yoruba staples (pounded yam, soups, corn-based snacks), local specialties.","Traditional Yoruba/Awori attire (iro and buba, agbada, aso-oke).","Egungun masquerades, Gelede and other Awori dances; community performance traditions.","Predominantly Christianity and Islam, with enduring traditional practices (masquerades/shrine worship).","Egungun festival (notably in Ota), Gelede, Iganmode/other Awori festivals, Zangbeto among Egun communities.","Yoruba drumming ensembles, bata and gudugudu rhythms, praise-singing and choral Christian music.","Yoruba
",Awori,"6.6237° N, 3.0863° E",Oba Olofin Adimula Oodua
122,Ado-Odo/Ota,Alapoti,"Awori/Yoruba cuisine: similar Yoruba staples (pounded yam, soups, corn-based snacks), local specialties.","Traditional Yoruba/Awori attire (iro and buba, agbada, aso-oke).","Egungun masquerades, Gelede and other Awori dances; community performance traditions.","Predominantly Christianity and Islam, with enduring traditional practices (masquerades/shrine worship).","Egungun festival (notably in Ota), Gelede, Iganmode/other Awori festivals, Zangbeto among Egun communities.","Yoruba drumming ensembles, bata and gudugudu rhythms, praise-singing and choral Christian music.","Yoruba
",Awori,"6.6237° N, 3.0863° E",Oba
123,Ado-Odo/Ota,Ketu-Adie-Owe,"Awori/Yoruba cuisine: similar Yoruba staples (pounded yam, soups, corn-based snacks), local specialties.","Traditional Yoruba/Awori attire (iro and buba, agbada, aso-oke).","Egungun masquerades, Gelede and other Awori dances; community performance traditions.","Predominantly Christianity and Islam, with enduring traditional practices (masquerades/shrine worship).","Egungun festival (notably in Ota), Gelede, Iganmode/other Awori festivals, Zangbeto among Egun communities.","Yoruba drumming ensembles, bata and gudugudu rhythms, praise-singing and choral Christian music.","Yoruba
",Awori,"6.6237° N, 3.0863° E",Oba Olofin Adimula Oodua
124,Ado-Odo/Ota,Igbesa,"Awori/Yoruba cuisine: similar Yoruba staples (pounded yam, soups, corn-based snacks), local specialties.","Traditional Yoruba/Awori attire (iro and buba, agbada, aso-oke).","Egungun masquerades, Gelede and other Awori dances; community performance traditions.","Predominantly Christianity and Islam, with enduring traditional practices (masquerades/shrine worship).","Egungun festival (notably in Ota), Gelede, Iganmode/other Awori festivals, Zangbeto among Egun communities.","Yoruba drumming ensembles, bata and gudugudu rhythms, praise-singing and choral Christian music.","Yoruba
",Awori,"6.6237° N, 3.0863° E",Oba Oloja Ekun
125,Ado-Odo/Ota,Agbara I,"Awori/Yoruba cuisine: similar Yoruba staples (pounded yam, soups, corn-based snacks), local specialties.","Traditional Yoruba/Awori attire (iro and buba, agbada, aso-oke).","Egungun masquerades, Gelede and other Awori dances; community performance traditions.","Predominantly Christianity and Islam, with enduring traditional practices (masquerades/shrine worship).","Egungun festival (notably in Ota), Gelede, Iganmode/other Awori festivals, Zangbeto among Egun communities.","Yoruba drumming ensembles, bata and gudugudu rhythms, praise-singing and choral Christian music.","Yoruba
",Awori,"6.6237° N, 3.0863° E",Oba Alagbara
126,Ado-Odo/Ota,Agbara/Ejila Awori,"Awori/Yoruba cuisine: similar Yoruba staples (pounded yam, soups, corn-based snacks), local specialties.","Traditional Yoruba/Awori attire (iro and buba, agbada, aso-oke).","Egungun masquerades, Gelede and other Awori dances; community performance traditions.","Predominantly Christianity and Islam, with enduring traditional practices (masquerades/shrine worship).","Egungun festival (notably in Ota), Gelede, Iganmode/other Awori festivals, Zangbeto among Egun communities.","Yoruba drumming ensembles, bata and gudugudu rhythms, praise-singing and choral Christian music.","Yoruba
",Awori,"6.6237° N, 3.0863° E",Oba Alagbara
127,South Abeokuta,Abeokuta South (Central),"Amala, Ewedu, Gbegiri","Agbada, Aso-oke","Bata, Ijo-Egungun","Yoruba, Christianity, Islam",Olumo Festival,"Fuji, Bàtá, Apala","Yoruba
",Egba,"7.1608° N, 3.3483° E",Oba Alake
128,South Abeokuta,Ake,"Amala, Ewedu","Aso-oke, royal robes",Egungun & palace dance,Yoruba Religion,Oke-Itoku Festival,"Bàtá, Dundun","Yoruba
",Egba,"7.1550° N, 3.3450° E",Oba Alake
129,South Abeokuta,Itoko,"Pounded yam, egusi","Danshiki, Aso-oke",Egungun masquerade dance,Yoruba Religion,Egungun Festival,"Apala, Fuji","Yoruba
",Egba,"7.1553° N, 3.3530° E","Chiefs, Oshile"
130,South Abeokuta,Ijemo,"Eba, okra soup","Ankara, lace",Drumming & storytelling,"Christianity, Traditional",Odun Omo Egba,"Highlife, Juju","Yoruba
",Egba,"7.1531° N, 3.3492° E",Oba Alake
131,South Abeokuta,Lantoro,Yam porridge,Yoruba-Western mix,Choir & bata fusion,Christianity,Harvest Festival,Gospel (Yoruba style),"Yoruba
",Egba,"7.1620° N, 3.3522° E",Oba Alake
132,South Abeokuta,Adatan,Ofada rice,Wrapper & head-tie,Alárìnjó,Yoruba & Islam,Adatan Market Day,"Fuji, Sakara","Yoruba
",Egba,"7.1617° N, 3.3660° E",Oba Alake
133,South Abeokuta,Emere,"Amala, efo",Iro & buba,Oro & Egungun,Yoruba Religion,Oro Festival,"Traditional Percussion (Bàtá, Sekere)","Yoruba
",Egba,"7.1575° N, 3.3410° E","Oba Alake, Baale"
134,South Abeokuta,Ijaiye / Idi-Aba,"Akara, pap",Yoruba attire,Youth dance,"Islam, Christianity",Odun Egba,"Fuji, Juju","Yoruba
",Egba,"7.1537° N, 3.3632° E",Oba
135,South Abeokuta,Erunibe / Ijoko / Ilogbo / Oke-Ejigbo,"Yam, ogi","Ankara, beads",Circle dance,Yoruba Religion,Oje Festival,Traditional Folk Drumming,"Yoruba
",Egba,"7.1580° N, 3.3705° E",Oba
136,South Abeokuta,Oke Ijeun,"Ewedu, amala",Yoruba dress,Alárìnjó,Yoruba Religion,Oro Oje,"Bàtá, Sekere","Yoruba
",Egba,"7.1555° N, 3.3571° E",Oba
137,South Abeokuta,Ago Ijesha / Ijeun Titun / Ago-Egun,Fish pepper soup,Yoruba–Egun style,Egun dance,"Yoruba, Egun religions",Egun Festival,"Egun Folk, Drumming","Yoruba
",Egba,"7.1535° N, 3.3644° E",Baale
138,South Abeokuta,Sodeke / Isale Ijeun I,"Yam, egusi",Aso-oke,Chieftaincy dance,Yoruba Religion,Sodeke Festival,"Highlife, Juju","Yoruba
",Egba,"7.1558° N, 3.3505° E",Chief
139,South Abeokuta,Oke-Yeye / Imo / Isabo,"Lafun, efo","Lace, beads",Women’s dance,"Islam, Yoruba Religion",Imo Festival,"Sekere, Traditional Song","Yoruba
",Egba,"7.1579° N, 3.3552° E",Oba
140,South Abeokuta,Igbore / Itori / Ago-Oba,"Ofada, gbegiri",Yoruba attire,Egungun dance,Yoruba Religion,Oro Festival,"Bàtá, Dundun","Yoruba
",Egba,"7.1631° N, 3.3618° E",Oba
141,South Abeokuta,Ibara,"Yam, rice",Yoruba-Western fusion,"Highlife, Bata","Christianity, Islam",Odun Omo Egba,"Juju, Gospel, Fuji","Yoruba
",Egba,"7.1592° N, 3.3447° E",Oba Olubara
142,North abeokuta,Ago-Odo/Ikereku/Ilawo,"Ofada rice, egusi soup","Adire, Aso-Oke, Ankara","Bata, Gese, Koroso","Traditional Yoruba, Christianity, Islam",Egungun Festival,"Apala, Fuji, Sekere","Yoruba
",Egba,"7.1830Â° N, 3.3260Â° E","Oba, Olu, Onikereku, Alago-odo"
143,North abeokuta,Ikija,Amala with ewedu,"Adire, Aso-Oke, Ankara","Bata, Gese, Koroso","Traditional Yoruba, Christianity, Islam",Oro Festival,Bata drumming,"Yoruba
",Egba,"7.1780Â° N, 3.3450Â° E",Oba Onikija
144,North abeokuta,Ago Oko,Lafu and gbegiri,"Adire, Aso-Oke, Ankara","Bata, Gese, Koroso","Traditional Yoruba, Christianity, Islam",Lisabi Festival,Traditional Yoruba percussion,"Yoruba
",Egba,"7.1900Â° N, 3.3310Â° E",Oba
145,North abeokuta,Elega Housing/Imala,Efo riro with yam,"Adire, Aso-Oke, Ankara","Bata, Gese, Koroso","Traditional Yoruba, Christianity, Islam",Odun Omo Olofin,Egba folk music,"Yoruba
",Egba,"7.2010Â° N, 3.3210Â° E",Oba Olu
146,North abeokuta,Iberekodo/Ilugun,Ogbono soup,"Adire, Aso-Oke, Ankara","Bata, Gese, Koroso","Traditional Yoruba, Christianity, Islam",Egba Day,"Fuji, Juju","Yoruba
",Egba,"7.2110Â° N, 3.3540Â° E",Oba Oluaso
147,North abeokuta,Ita Ota/Gbagura,Ofada stew,"Adire, Aso-Oke, Ankara","Bata, Gese, Koroso","Traditional Yoruba, Christianity, Islam",Ogun Festival,Bata and Sekere,"Yoruba
",Egba,"7.1700Â° N, 3.3400Â° E","Oba Gbagura, Baale"
148,North abeokuta,Ago Ika/Ijaiye Kukudi,Yam porridge,"Adire, Aso-Oke, Ankara","Bata, Gese, Koroso","Traditional Yoruba, Christianity, Islam",New Yam Festival,Apala,"Yoruba
",Egba,"7.1750Â° N, 3.3320Â° E",Baales
149,North abeokuta,Lafenwa/Afonta,Ewedu soup,"Adire, Aso-Oke, Ankara","Bata, Gese, Koroso","Traditional Yoruba, Christianity, Islam",Egungun Festival,"Fuji, Juju","Yoruba
",Egba,"7.1650Â° N, 3.3600Â° E",Baale
150,North abeokuta,Sabo/Ayetoro Garage,Eba and okra,"Adire, Aso-Oke, Ankara","Bata, Gese, Koroso","Traditional Yoruba, Christianity, Islam",Oro and Omo Olofin,Yoruba folk music,"Yoruba
",Egba,"7.1690Â° N, 3.3550Â° E",Oba
151,North abeokuta,Oke Ago/Owu,Pounded yam,"Adire, Aso-Oke, Ankara","Bata, Gese, Koroso","Traditional Yoruba, Christianity, Islam",Owu Day Festival,Bata and Egba chants,"Yoruba
",Egba,"7.1600Â° N, 3.3420Â° E",Oba Olowu
152,North abeokuta,Totoro/Oke Sokori,Rice and beans,"Adire, Aso-Oke, Ankara","Bata, Gese, Koroso","Traditional Yoruba, Christianity, Islam",Egba Heritage Day,"Apala, Fuji","Yoruba
",Egba,"7.1580Â° N, 3.3500Â° E",Baale
153,North abeokuta,Ita Oshin/Olomore,Fufu and vegetable soup,"Adire, Aso-Oke, Ankara","Bata, Gese, Koroso","Traditional Yoruba, Christianity, Islam",Lisabi Festival,Sekere music,"Yoruba
",Egba,"7.1655Â° N, 3.3480Â° E",Chiefs
154,North abeokuta,Olorunda/Ijale,Ogi (pap),"Adire, Aso-Oke, Ankara","Bata, Gese, Koroso","Traditional Yoruba, Christianity, Islam",Oro Festival,Drumming ensemble,"Yoruba
",Egba,"7.1800Â° N, 3.3700Â° E",Oba
155,North abeokuta,Imala Orile/Idi-Emi,Plantain dishes,"Adire, Aso-Oke, Ankara","Bata, Gese, Koroso","Traditional Yoruba, Christianity, Islam",Harvest Festival,Traditional chants,"Yoruba
",Egba,"7.2050Â° N, 3.3100Â° E","Oba, Baale"
156,North abeokuta,Ibara Orile,Stewed beans,"Adire, Aso-Oke, Ankara","Bata, Gese, Koroso","Traditional Yoruba, Christianity, Islam",Egba Day,Egba highlife,"Yoruba
",Egba,"7.2000Â° N, 3.3000Â° E",Oba Olubara
157,Ogun Waterside,Abigi,"Seafood (smoked fish, fish soups), garri, pounded yam","Wrapper, Aso-Oke, agbada",Masquerade dances; market day performances,"Christianity, Islam, Traditional Yoruba religion",LGA regattas and seafood events (Abigi participates as HQ),"Apala, Juju, local drumming","Yoruba
","Ijebu (main), Ilaje, Ikale",6°29′12″ N 4°23′43″ N,Oba Ojotumoro
158,Ogun Waterside,Ilushin,"Seafood, cassava staples",Traditional Yoruba attire,Masquerade & local dances,"Christianity, Islam, Traditional religion",Participates in LGA regattas,"Highlife, local drumming","Yoruba
","Ijebu (main), Ilaje, Ikale",6°31′24″ N 4°23′18″ N,Oba Onishin
159,Ogun Waterside,Lukogbe,Seafood-based dishes,Yoruba traditional clothing,Local masquerade dances,"Christianity, Islam, Traditional religion",Participates in LGA events; local community celebrations,"Local drumming, Juju","Yoruba
","Ijebu (main), Ilaje, Ikale",6°33′7″ N 4°21′31″ N,"Oba, Olojas"
160,Ogun Waterside,Iwopin,"Seafood specialties; smoked fish, pepper soups",Regatta ceremonial dress; Yoruba attire,Regatta dances; masquerades,"Christianity, Islam, Traditional religion",Iwopin Boat Regatta (town-level),"Traditional drumming, festival music","Yoruba
","Ijebu (main), Ilaje, Ikale",6°30′32″ N 4°10′20″ N,Oba Likun
161,Ogun Waterside,Olojumeta,"Seafood, cassava staples",Traditional Yoruba attire,Masquerade & community dances,"Christianity, Islam, Traditional religion",Participates in LGA regattas/seafood events,"Apala, Juju","Yoruba
","Ijebu (main), Ilaje, Ikale",6°28′19″ N 4°22′19″ N,"Oba, Olojas"
162,Ogun Waterside,Imakun Omi,Lagoon & freshwater fish dishes; cassava staples,Traditional Yoruba attire; festival dress,Boat festival dances; masquerades,"Christianity, Islam, Traditional religion",Makun Omi / Okosi Boat Festival (town-level),Festival drumming; local percussion,"Yoruba
","Ijebu (main), Ilaje, Ikale",6°24′7″ N 4°19′57″ N,Oba Osobia
163,Ogun Waterside,Ode Omi,Freshwater fish dishes; garri,Traditional attire,Masquerade & boat festival dances,"Christianity, Islam, Traditional religion",Okosi / Makun Omi boat festival referenced,Traditional drumming,"Yoruba
",Ikale,6°24′7″ N 4°19′57″ N,Oba Lenuwa
164,Ogun Waterside,Ibu,"Seafood, cassava staples",Traditional Yoruba attire,Local masquerade dances,"Christianity, Islam, Traditional religion",Participates in LGA events and regattas,Local drumming,"Yoruba
","Ijebu (main), Ilaje, Ikale",6°31′12″ N 4°22′12″ N,Oba Onipe
165,Ogun Waterside,Itebu Manuwa,"Seafood, cassava staples",Traditional attire,Local dances and masquerades,"Christianity, Islam, Traditional religion",Participates in LGA festivals,Local percussion and folk music,"Yoruba
","Ijebu (main), Ilaje, Ikale",6°27′13″ N 4°32′45″ N,Oba Elero
166,Ogun Waterside,Ibiade,"Seafood, cassava staples",Traditional attire,Masquerade dances,"Christianity, Islam, Traditional religion",Local harvest/seafood events,"Apala, Juju","Yoruba
","Ijebu (main), Ilaje, Ikale",6°32′11″ N 4°20′1″ N,Oba Alarige
167,Ogun Waterside,Efire,"Seafood, cassava staples",Traditional attire,Masquerade dances,"Christianity, Islam, Traditional religion",Participates in LGA events,Local drumming,"Yoruba
","Ijebu (main), Ilaje, Ikale",6°29′8″ N 4°24′57″ N,Oba Elefire
168,Ogun Waterside,Lomiro,"Seafood, cassava staples",Traditional attire,Local masquerade dances,"Christianity, Islam, Traditional religion",Participates in LGA regattas and festivals,Local drumming,"Yoruba
","Ijebu (main), Ilaje, Ikale",6°33′36″ N 4°29′16″ N,Oba
169,Ogun Waterside,Oni,"Seafood, cassava staples",Traditional attire,Masquerade dances,"Christianity, Islam, Traditional religion",LGA festivals participation,Local drumming,"Yoruba
",Ijebu-Oni/Iwopin,6°31′46″ N 4°14′13″ N,Oba Oloni
170,Ogun Waterside,Ayede,"Seafood, cassava staples",Traditional attire,Masquerade and market dances,"Christianity, Islam, Traditional religion",Participates in LGA events,Local music and drumming,"Yoruba
","Ijebu (main), Ilaje, Ikale",6°28′20″ N 4°22′20″ N,Oloja
171,Ogun Waterside,Igele,"Seafood, cassava staples",Traditional attire,Masquerade dances,"Christianity, Islam, Traditional religion",Participates in LGA-level cultural events,Local drumming,"Yoruba
","Ijebu (main), Ilaje, Ikale",6°32′24″ N 4°22′48″ N,"Oba, Oloja"
172,Ogun Waterside,Ayila,"Seafood, cassava staples",Traditional attire,Masquerade dances,"Christianity, Islam, Traditional religion",Participates in LGA cultural activities,Local music,"Yoruba
",Ikale,6°30′0″ N 4°23′24″ N,Oloja
173,Ogun Waterside,Irokun,"Seafood, cassava staples",Traditional attire,Masquerade dances,"Christianity, Islam, Traditional religion",Participates in LGA cultural events,Local drumming,"Yoruba
",Ilaje,6°30′36″ N 4°24′0″ N,Oba Onirokun
174,Yewa South,Ilaro,"New yam, cassava dishes, local soups (egusi, efo)",Traditional Yoruba attire; ceremonial wrappers and gowns,"Gelede, Bolojo, masquerade dances and street pageantry","Christianity, Islam, Traditional Yoruba religion",Oronna Ilaro Festival; Ilaro New Yam Festival,"Highlife, Juju, traditional drumming","Yoruba
",Egbado/Yewa,6°53′22″ N 3°1′0″ N,Oba Olu
175,Yewa South,Idogo,"Yam, cassava staples",Traditional attire,Local dances and masquerades,"Christianity, Islam, Traditional religion",Participates in Yewa South festivals,"Highlife, local drumming","Yoruba
",Yewa,6°45′36″ N 3°1′12″ N,Oba Onidogo
176,Yewa South,Iwoye,"Yam, cassava staples",Traditional attire,Gelede/Bolojo/masquerade dances,"Christianity, Islam, Traditional religion",LGA festivals participation,Traditional drumming,"Yoruba
",Yewa,6°44′24″ N 3°1′48″ N,Oba Oniwoye
177,Yewa South,Oke-Odan,"Yam, cassava staples",Traditional attire,"Gelede, Bolojo, festival dances","Christianity, Islam, Traditional religion",Oke-Odan Cultural Festival (town-level),"Highlife, traditional drumming","Yoruba
",Yewa,6°42′12″ N 2°55′57″ N,Oba Oloke-Odan
178,Yewa South,Ijanna,"Yam, cassava staples",Traditional attire,Local dances and masquerades,"Christianity, Islam, Traditional religion",Participates in LGA festivals,Traditional drumming,"Yoruba
",Yewa,6°42′0″ N 3°2′60″ N,Oba Onisare (Olu)
179,Yewa South,Itoro,"Yam, cassava staples",Traditional attire,Gelede/Bolojo/masquerade dances,"Christianity, Islam, Traditional religion",LGA festivals participation,Traditional drumming,"Yoruba
",Yewa,6°40′48″ N 3°0′0″ N,Oba
180,Yewa South,Owode,"Yam, cassava staples",Traditional attire,Local dances and masquerades,"Christianity, Islam, Traditional religion",Participates in Yewa South festivals,"Highlife, local drumming","Yoruba
",Yewa,6°39′0″ N 3°2′24″ N,Oba Olowode
181,Yewa South,Erinja,"Yam, cassava staples",Traditional attire,Local dances,"Christianity, Islam, Traditional religion",Participates in LGA festivals,Traditional drumming,"Yoruba
",Yewa,6°42′0″ N 3°3′36″ N,Oba Olu
182,Yewa South,Ajilete,"Yam, cassava staples",Traditional attire,Gelede/Bolojo dances,"Christianity, Islam, Traditional religion",Participates in LGA festivals,Traditional drumming,"Yoruba
",Yewa,6°38′39″ N 3°3′42″ N,Oba Alale
183,Yewa South,Ilobi,"Yam, cassava staples",Traditional attire,Local dances and masquerades,"Christianity, Islam, Traditional religion",Participates in LGA festivals,Traditional drumming,"Yoruba
",Anago,6°41′24″ N 3°4′12″ N,Oba Onilobi
184,Yewa South,Olute,"Yam, cassava staples",Traditional attire,Local dances,"Christianity, Islam, Traditional religion",Participates in LGA festivals,Traditional drumming,"Yoruba
",Yewa,6°43′12″ N 3°1′12″ N,Oba Olu
185,Yewa South,Iweke,"Yam, cassava staples",Traditional attire,Local dances and masquerades,"Christianity, Islam, Traditional religion",Participates in LGA festivals,Traditional drumming,"Yoruba
",Yewa,6°43′48″ N 3°1′48″ N,Baale
186,Yewa South,Ipaja,"Yam, cassava staples",Traditional attire,Local dances,"Christianity, Islam, Traditional religion",Participates in LGA festivals,Traditional drumming,"Yoruba
",Yewa,6°42′0″ N 3°0′36″ N,"Oba, Chiefs"
187,Yewa South,Itolu,"Yam, cassava staples",Traditional attire,Local dances,"Christianity, Islam, Traditional religion",Participates in LGA festivals,Traditional drumming,"Yoruba
",Yewa,6°42′36″ N 3°1′30″ N,Oba
188,Yewa South,Eredo,"Yam, cassava staples",Traditional attire,Local dances,"Christianity, Islam, Traditional religion",Participates in LGA festivals,Traditional drumming,"Yoruba
",Yewa,6°41′42″ N 3°0′54″ N,Oba Olu
189,Yewa South,Abule Olopa,"Yam, cassava staples",Traditional attire,Local dances,"Christianity, Islam, Traditional religion",Participates in LGA festivals,Traditional drumming,"Yoruba
",Yewa,6°42′18″ N 3°0′18″ N,"Oba, Baale"
190,Yewa South,Idologun,"Yam, cassava staples",Traditional attire,Local dances,"Christianity, Islam, Traditional religion",Participates in LGA festivals,Traditional drumming,"Yoruba
",Yewa,6°42′54″ N 3°0′36″ N,"Oba, Baale"
191,Yewa South,Pahayi,"Yam, cassava staples",Traditional attire,Local dances,"Christianity, Islam, Traditional religion",Participates in LGA festivals,Traditional drumming,"Yoruba
",Yewa,6°43′30″ N 3°1′12″ N,Baale
192,Yewa South,Fagbohun,"Yam, cassava staples",Traditional attire,Local dances,"Christianity, Islam, Traditional religion",Participates in LGA festivals,Traditional drumming,"Yoruba
",Yewa,6°44′6″ N 3°1′30″ N,Baale
193,Yewa South,Olokuta,"Yam, cassava staples",Traditional attire,Local dances,"Christianity, Islam, Traditional religion",Participates in LGA festivals,Traditional drumming,"Yoruba
",Yewa,6°44′42″ N 3°1′48″ N,Baale
194,Remo North,ISARA,"Oka-Elewa, Ifoko, Eberipo","Gele, Aso oke, ipele, Agbada, buba and Sokoto,",Masqurade Dance and Traditional Yoruba dances,"Majority christians and Muslims, Egungun, Oro and Agemo","Oro festivals, Egungun festivals, Agemo fesitvals ","Juju Music,Fuji Music ","Yoruba
",Isara, 7.0029° N 3.7286° E,Oba Odemo
195,Remo North,ODE-REMO,Ebiripo and various casava based meals such as garri and Fufu,"Gele, Aso oke, ipele, Agbada, buba and Sokoto,",Traditional Yoruba Dances ,"Mix of Islam, Christianity and Traditional Religions ","Participation in the Remo Day Festival, Egungun Festival , Oro Festivals","Juju Music,Fuji Music ","Yoruba
",Remo,7.0029° N 3.7286° E,Oba Alaye
196,Remo North,ILARA,"Oka-Elewa, Ifoko, Eberipo","Buba and Sokoto. Agbada, Gele and Aso oke ","Gnuko , Egungun and Other Traditional Dance","Traditional Religion, Christianity and Islam ","Gnuko, Orisa, Apepe, Olode, Basegun, Balofon Festivals","Juju Music, Fuji Music ","Yoruba
",Remo,7.0029° N 3.7286° E,Oba Alara
197,Remo North,AKAKA ,"Eba, Fufu, Iyan, Ebiripo and ikokore ","Gele, Aso oke, ipele, Agbada, buba and Sokoto,","Gnuko , Egungun and Other Traditional Dance","Traditional Religion, Christianity and Islam ","Gnuko, Orisa, Apepe, Olode, Basegun, Balofon Festivals","Juju Music, Fuji Music ","Yoruba
",Remo,7.0029° N 3.7286° E,Oba Owowo
198,Remo North,IPARA,Ebiripo and various casava based meals such as garri and Fufu,"Buba and Sokoto. Agbada, Gele and Aso oke ",Traditional Yoruba Dances ,"Mix of Islam, Christianity and Traditional Religions ","Participation in the Remo Day Festival, Egungun Festival , Oro Festivals","Juju Music, Fuji Music ","Yoruba
",Remo,7.0029° N 3.7286° E,Oba Onipara
199,Remo North,ORILE-OKO,"Garri, fufu, starch","Buba and Sokoto. Agbada, Gele and Aso oke ",Traditional Yoruba Dances ,"Majority christians and Muslims, Egungun, Oro and Agemo","Participation in the Remo Day Festival, Egungun Festival , Oro Festivals","Juju Music,Fuji Music ","Yoruba
",Remo,7.0029° N 3.7286° E,Oba Oloko
200,IJEBU-EAST,ITELE IJEBU,"Ikokore, Egusi Ijebu, Eba, Fufu, Starch . ","Gele, Buba, Iro, Ipele, Iborun",Traditional Yoruba Dances ,"Traditional worship is prevalent, alongside Islam and Christianity in the region.","Itele Day, Ojude Oba, Gborowo","Juju, Fuji, Apala, Sakara music ","Yoruba
",Ijebu,"6.7333° N, 4.1667° E",Oba Moyegeso
201,IJEBU-EAST,IJEBU IFE,"Egusi ijebu, ikokore, Eba, Fufu, Starch","Gele, Buba, Iro, Ipele, Iborun",Traditional Yoruba Dances ,"Mix of Islam, Christanity and Traditional Religions","Agemo, Ebi , Ojude oba ","Juju, Fuji, Apala, Sakara music ","Yoruba
",Ijebu,"6.7333° N, 4.1667° E",Oba Ajalorun
202,IJEBU-EAST,IMOBI,"Eba, Fufu, Starch, ikokore","Gele, Buba, Iro, Ipele, Iborun",Traditional Yoruba Dances ,"Traditional worship is prevalent, alongside Islam and Christianity in the region.","Ojude Oba,Aje, Agemo Festival  ","Juju, Fuji, Apala, Sakara music ","Yoruba
",Ijebu,"6.7333° N, 4.1667° E",Oba Olu
203,IJEBU-EAST,IJEBU IMUSHIN,"Ikokore, Egusi Ijebu, Eba, Fufu, Starch . ","Gele, Buba, Iro, Ipele, Iborun",Traditional Yoruba Dances ,"Traditional Religion, Christanity and Islam","Ojafedego, Agemo, Oro, Ojude Oba, Oro, Leguru","Juju, Fuji, Apala, Sakara music ","Yoruba
",Ijebu,"6.7333° N, 4.1667° E",Oba Ajalorun
204,IJEBU-EAST,OGBERE,"Fufu, Eba, Starch, ikokore, Egusi Ijebu","Buba and Sokoto, Ipele, iborun, Gele ",Traditional Yoruba Dances ,"Mix of Islam, Christanity and Traditional Religions","Ojude Oba, Oro, Egungun.   ","Juju, Fuji, Apala, Sakara music ","Yoruba
",Ijebu,"6.7333° N, 4.1667° E",Oba Sapenuwa
205,Ifo,Ifo,"Yoruba staples (amala, gbegiri, ewedu); local cassava dishes","Yoruba attire - agbada, buba/iro, gele; modern western wear","Bata, Atilogbo/Bata variants, social dances at weddings","Christianity, Islam, Traditional beliefs","Egungun, community harvest/market festivals (local variants)","Bata drumming, Fuji, Juju (regional)","Yoruba
",Egba,"6.8149° N, 3.19518° E",Traditional chiefs/Baales and town council; LGA chairman (modern government)
206,Ifo,Agbado,Yoruba staples; local street foods,Traditional Yoruba & modern clothing,Local festival dances; bata drumming,"Christianity, Islam, Traditional",Egungun and market day festivals,"Local drumming, gospel, fuji","Yoruba
",Egba,"6.8149° N, 3.19518° E",Baale / community head
207,Ifo,Akute (Ajuwon),"Amala, eba, local soups",Yoruba traditional attire; Aso-ebi for events,"Bata, popular social dances at weddings","Christianity, Islam, Traditional",Egungun; community day events,"Juju, Fuji, praise-singing","Yoruba
",Egba,"6.8149° N, 3.19518° E",Baale / Oba in some quarters
208,Ifo,Ibogun,"Cassava-based foods, soups",Traditional Yoruba dress; practical work wear,"Folk dances, bata influences","Christianity, Islam, Traditional",Local harvest and Egungun festivals,"Local drumming, praise music","Yoruba
",Egba,"6.8149° N, 3.19518° E",Baale/compound heads
209,Ifo,Ibaragun,Yoruba soups and pottages,Yoruba traditional & western wear,"Community dances, Bata","Christianity, Islam, Traditional","Community/market festivals, Egungun","Local drumming, contemporary gospel","Yoruba
",Egba,"6.8149° N, 3.19518° E",Baale / local chiefs
210,Ifo,Lemode,"Street foods, local staples",Traditional Yoruba garments; aso-ebi for events,"Festival dances, social dancing","Christianity, Islam, Traditional","Egungun, town day events","Fuji, Juju, gospel","Yoruba
",Egba,"6.8149° N, 3.19518° E",Baale / community head
211,Ifo,Itoki,"Staple soups, local delicacies",Yoruba attire; practical clothing for farmers,Ritual and social dances,"Christianity, Islam, Traditional","Harvest-related festivals, Egungun","Drumming, praise singers","Yoruba
",Egba,"6.8149° N, 3.19518° E",Baale
212,Ifo,Mapara,Local soups and staples,Traditional Yoruba dress,Community dances,"Christianity, Islam, Traditional",Market/harvest festivals,Local drumming,"Yoruba
",Egba,"6.8149° N, 3.19518° E",Baale
213,Ifo,Adiyan,Common Yoruba cuisine,Yoruba clothing; occasional modern fashion,Traditional dances at ceremonies,"Christianity, Islam, Traditional",Egungun and local events,"Bata drumming, gospel","Yoruba
",Egba,"6.8149° N, 3.19518° E",Baale
214,Ifo,Matogun,"Cassava, yam dishes",Traditional Yoruba dress,Local festival dances,"Christianity, Islam, Traditional","Egungun, local festivals","Local drumming, popular Nigerian genres","Yoruba
",Egba,"6.8149° N, 3.19518° E",Baale
215,Ifo,Abule Ekun,"Street foods, local staples",Yoruba attire,Community dances,"Christianity, Islam, Traditional",Market/communal festivals,Local drumming,"Yoruba
","Egba, Awori","6.8149° N, 3.19518° E",Baale
216,Ifo,Orile Ifo,Yoruba soups and staples,Traditional garments; event dress,Dance at festivals and weddings,"Christianity, Islam, Traditional","Egungun, community day","Bata drumming, popular music","Yoruba
",Egba,"6.8149° N, 3.19518° E",Baale/Oba depending on quarter
217,Ifo,Coker Ilepa,Local staples and street food,Yoruba traditional clothing,Local social dances,"Christianity, Islam, Traditional",Local festivals,Local drumming,"Yoruba
",Egba,"6.8149° N, 3.19518° E",Baale
218,Ifo,Robiyan,Local soups and staples,Traditional Yoruba attire,Community dances,"Christianity, Islam, Traditional",Egungun/local festivals,"Local drumming, praise music","Yoruba
",Egba,"6.8149° N, 3.19518° E",Baale
219,Obafemi Owode,Owode (Owode-Egba),Yoruba staples; local produce markets,"Yoruba dress, aso-ebi; modern wear","Egungun, Bata and community dances","Christianity, Islam, Traditional (Egba subculture)","Egungun, town-specific festivals","Bata drumming, Juju, Fuji, gospel","Yoruba
",Egba,"6.9500 N, 3.5000 E",Baales and Obas (where applicable); traditional chiefs
220,Obafemi Owode,Ibafo,"Ofada rice (nearby Ofada area), local soups, yam",Yoruba clothing; modern business attire,Festival dances; Bata,"Christianity, Islam, Traditional",Market and community festivals; Egungun,"Local drumming, contemporary genres","Yoruba
",Egba,"6.9000 N, 3.5333 E",Baale / traditional council
221,Obafemi Owode,Iro,Local Yoruba staples,Traditional Yoruba attire,Traditional dances; Egungun,"Predominantly Christian, Islam, Traditional",Community festivals; chieftaincy celebrations,"Drumming, praise-singing","Yoruba
",Egba,"6.9000 N, 3.5333 E",Oba (historical) / traditional ruler (unique exceptions)
222,Obafemi Owode,Magboro,Local staples; market produce,Yoruba & modern clothing,Social and festival dances,"Christianity, Islam, Traditional",Town day; Egungun activities,"Local drumming, popular Nigerian genres","Yoruba
",Egba,"6.9000 N, 3.5333 E",Baale
223,Obafemi Owode,Oba,Yoruba cuisine; local staples,Traditional Yoruba attire,"Festival dances, Egungun","Christianity, Islam, Traditional","Egungun, local festivals","Drumming, juju","Yoruba
",Egba,"6.9000 N, 3.5333 E",Baale / local chiefs
224,Obafemi Owode,Ofada,"Ofada rice (noted local specialty), yam dishes, native soups",Yoruba traditional attire; farm wear,Harvest and festival dances,"Christianity, Islam, Traditional",Ofada-related market and crop festivals,"Local drumming, folk songs","Yoruba
",Egba,"6.9000 N, 3.5333 E",Baale
225,Obafemi Owode,Mowe,Yoruba staples; roadside foods for commuters,Mix of traditional and modern (due to commuter population),"Social dances at events, Bata elements","Christianity, Islam, Traditional","Town day, Egungun","Popular music, local drumming","Yoruba
",Egba,"6.9000 N, 3.5333 E",Baale / community leaders
226,Obafemi Owode,Kajola,Local staple dishes,Traditional Yoruba clothing,Local community dances,"Christianity, Islam, Traditional",Community festivals,Local drumming,"Yoruba
",Egba,"6.9000 N, 3.5333 E",Baale
227,Obafemi Owode,Mokoloki,Yoruba staples,Traditional wear,Community/festival dances,"Christianity, Islam, Traditional",Egungun and local events,Local drumming,"Yoruba
",Egba,"6.9000 N, 3.5333 E",Baale
228,Obafemi Owode,Ijoko,Local and commuter foods,Traditional & contemporary clothing,Social dances at ceremonies,"Christianity, Islam, Traditional",Market and town festivals,"Contemporary Nigerian music, local drumming","Yoruba
",Egba,"6.9000 N, 3.5333 E",Baale
229,Obafemi Owode,Imedu,Local staples and soups,Traditional Yoruba clothing,Local festival dances,"Christianity, Islam, Traditional",Community festivals,"Drumming, folk music","Yoruba
",Egba,"6.9000 N, 3.5333 E",Baale
230,Obafemi Owode,Mosafejo,Local dishes,Traditional Yoruba attire,Local dances,"Christianity, Islam, Traditional",Local festivals,Local drumming,"Yoruba
",Egba,"6.9000 N, 3.5333 E",Baale
231,Obafemi Owode,Ogunmakin,Local staples; farm produce,Traditional dress,Agricultural/festival dances,"Christianity, Islam, Traditional","Harvest festivals, Egungun","Drumming, folk songs","Yoruba
",Egba,"6.9000 N, 3.5333 E",Baale
232,Obafemi Owode,Ajebo,Yoruba staples,Traditional attire,Community festival dances,"Christianity, Islam, Traditional",Local festivals,Local drumming,"Yoruba
",Egba,"6.9000 N, 3.5333 E",Baale
233,Sagamu,Makun,Ikokore (Water Yam Pottage),"Iro/Buba, Aso-oke","Yoruba Ceremonial, Social","Islam, Christianity, Traditional",Remo Day,Gbedu (Royal Drumming),"Yoruba
",Remo," 6°50′N, 3°39′E",Oba Ewusi
234,Sagamu,Offin,"Ikokore, Yam, Cassava","Iro/Buba, Aso-oke","Royal Ceremonial, Gbedu Dance","Islam, Christianity, Traditional",Remo Day,Gbedu (Royal Music),"Yoruba
",Remo," 6°50′N, 3°39′E",Oba Akarigbo
235,Sagamu,Sonyinda,"Ikokore, Staples","Iro/Buba, Gele",Yoruba Social Dance,"Islam, Christianity",Remo Day,Gbedu,"Yoruba
",Remo," 6°50′N, 3°39′E",Chief
236,Sagamu,Epe,"Ikokore, Rice",Iro/Buba,Yoruba Social Dance,"Islam, Christianity",Remo Day,Yoruba Folklore Music,"Yoruba
",Remo," 6°50′N, 3°39′E",Oba Oloja
237,Sagamu,Ibido,"Ikokore, Yam",Iro/Buba,Yoruba Social Dance,"Islam, Christianity",Remo Day,Yoruba Folklore Music,"Yoruba
",Remo," 6°50′N, 3°39′E",Oba Negbuwa
238,Sagamu,Igbepa,"Ikokore, Cassava",Iro/Buba,Yoruba Social Dance,"Islam, Christianity",Remo Day,Yoruba Traditional,"Yoruba
",Remo," 6°50′N, 3°39′E",Chief (Olori-Ilu)
239,Sagamu,Ado,"Ikokore, Corn",Iro/Buba,Yoruba Social Dance,"Islam, Christianity",Remo Day,Yoruba Traditional,"Yoruba
",Remo," 6°50′N, 3°39′E",Oba Alado
240,Sagamu,Oko,"Ikokore, Amala",Iro/Buba,Yoruba Social Dance,"Islam, Christianity",Remo Day,Yoruba Traditional,"Yoruba
",Remo," 6°50′N, 3°39′E",Oba Aminisan
241,Sagamu,Ipoji,"Ikokore, Staples",Iro/Buba,Yoruba Social Dance,"Islam, Christianity",Remo Day,Yoruba Traditional,"Yoruba
",Remo," 6°50′N, 3°39′E",Chief (Olori-Ilu)
242,Sagamu,Batoro,"Ikokore, Eba",Iro/Buba,Yoruba Social Dance,"Islam, Christianity",Remo Day,Yoruba Traditional,"Yoruba
",Remo," 6°50′N, 3°39′E",Oba Lowa Ibu
243,Sagamu,Ijoku,"Ikokore, Staples",Iro/Buba,Yoruba Social Dance,"Islam, Christianity",Remo Day,Yoruba Traditional,"Yoruba
",Remo," 6°50′N, 3°39′E",Oba Oloku
244,Sagamu,Ijagba,"Ikokore, Staples",Iro/Buba,Yoruba Social Dance,"Islam, Christianity",Remo Day,Yoruba Traditional,"Yoruba
",Remo," 6°50′N, 3°39′E",Chief
245,Sagamu,Latawa,"Ikokore, Staples",Iro/Buba,Yoruba Social Dance,"Islam, Christianity",Remo Day,Yoruba Traditional,"Yoruba
",Remo," 6°50′N, 3°39′E",Chief (Olori-Ilu)
246,Ikenne,Iperu,"Ikokore, Kola Nut, Cocoa","Iro/Buba, Aso-oke",Eyo-influenced Dance,"Islam, Christianity, Traditional","Eyo Festival, Remo Day","Gbedu, Fuji","Yoruba
",Remo,"6°52′N, 3°43′E",Oba
247,Ikenne,Ilisan,"Ikokore, Staples, Vegetables",Iro/Buba,Traditional Yoruba,"Islam, Christianity",Remo Day,Traditional Yoruba,"Yoruba
",Remo,"6°52′N, 3°43′E",Oba
248,Ikenne,Ogere,"Ikokore, Rice, Kola Nut",Iro/Buba,Traditional Yoruba,"Islam, Christianity, Traditional",Remo Day,Traditional Yoruba,"Yoruba
",Remo,"6°52′N, 3°43′E",Oba Ologere
249,Ikenne,Irolu,"Ikokore, Staples",Iro/Buba,Traditional Yoruba,"Islam, Christianity",Remo Day,Traditional Yoruba,"Yoruba
",Remo,"6°52′N, 3°43′E",Oba
250,Ikenne,Ikenne,"Ikokore, Staples","Iro/Buba, Aso-oke",Traditional Yoruba,"Islam, Christianity",Remo Day,Traditional Yoruba,"Yoruba
",Remo,"6°52′N, 3°43′E",Oba
251,Yewa North,IDOFI,"Iyan,Amala,Eba and Garri,Rice,Egbo,","Iro and Buba,As-oke,Adire,Komole,Agbada,Buba and Sokoto,Fila","Bologo dance,Gelede dance,Egungun dance,Bata dance",Islam and Christianity,"Isese Day,Egungun,Gelede","Bologo music,Oriki","Yoruba
",Yewa,"7°09′N,2°55′E",Baale
252,Yewa North,SUNWA,"Imoyo,Ewa Agoyin,Ofada Rice, Obe-ata-iru,Efo Riro","Iro and buba,Gele,Dansiki,Buba and Sokoto",Bologo dance,Islam and Christianity,"Isese Day,Egungun,Gelede","Bologo,Oriki,kulumbu,Agasa","Yoruba
",Yewa,"7°09′N,2°55′E",Oba
253,Yewa North,IJOUN,"Amala and ewedu soup,Eba,Amala,Iyan,Aadun,Abula,Dundun","Aso-oke,Ankara","Bologo dance,Gelede dance,Egungun dance",Islam and Christianity,"Isese Day,Egungun,Gelede","Ajangbode,Ajasa","Yoruba
",Yewa,"7°09′N,2°55′E",Oba Onijoun
254,Yewa North,EGGUA,"Pupuru,Efo Riro,Ewa Agoyin,Amala,Eba,Fufu,Asaro,Ekuru","Aso-oke,Ankara,Lace","Bologo,Egungun,Gelede",Islam and Christianity,"Egungun festival,Gelede,Isese Day","Kulumbu,Oriki,Ponse","Yoruba
",Ketu,"7°09′N,2°55′E",Oba
255,Yewa North,OHUNBE,"Eba,Fufu,Pounded yam,Dodo,Ogbono,Asun,Akara","Aso-oke,Ankara,Lace","Bologo,Bata,Egungun",Islam and Christianity,"Egungun festival,Gelede,Isese","Juju music,Apala music","Yoruba
",Yewa,"7°09′N,2°55′E",Oba
256,Yewa North,IGBOGILA/IBESE,"Amala,Iyan,Gbegiri,Ewa Agoyin","Aso-oke,Ankara,Lace","Bologo,Bata,Gelede",Islam and Christianity,Isese Day,"Juju music,Apala music,Fuji music","Yoruba
",Yewa,"7°09′N,2°55′E",Oba Olu
257,Yewa North,JOGA-ORILE/IBOORO,"Kokoro,Swallow foods,Ewa","Aso-oke,Ankara,Lace","Bologo,Bata,Egungun",Islam and Christianity,Egungun festival,"Apala music,Juju music,Fuji music","Yoruba
",Yewa,"7°09′N,2°55′E","Oba Abepa, Oba Aboro"
258,Yewa North,IMMASAYI,"Amala,Iyan,Imoyo,Dundun,Ewa agoyin","Aso-oke,Ankara,Lace","Bologo,Egungun,Bata",Islam and Christianity,Egungun festival,"Juju,Apala,Ajasa","Yoruba
",Yewa,"7°09′N,2°55′E",Oba
259,Yewa North,SAWONJO,"Amala,Iyan,Eba","Aso-oke,Ankara,Lace","Bologo,Bata,Egungun,Gelede",Islam and Christianity,Isese Day,"Apala,Fuji,Juju","Yoruba
",Yewa,"7°09′N,2°55′E",Oba Olu
260,Yewa North,OJA-ODAN,"Amala,Iyan,Eba,Asaaro,Lafun","Aso-oke,Ankara,Lace","Bata,Bologo,Egungun",Islam and Christianity,"Egungun,Isese,Gelede","Fuji music,Apala","Yoruba
",Anago,"7°09′N,2°55′E",Oba
261,Yewa North,KETU,"Akple,Yam,Yaka Yake","Aso-oke,Ankara,Lace","Bologo,Egungun,Bata",Islam and Christianity,"Isese,Gelede,Egunugu",Bologo music,"Yoruba
",Ketu,"7°09′N,2°55′E",Oba Alaketu
262,Imeko Afon,AFON,"Maize,Cassava,Yam","Iro and buba,Gele,Dansiki,Buba and Sokoto","Iwe cultural dance,Gelede dance,Bologo dance",Christianity and Islam,"Agbinrekoti,Celestial city Convocation","Apala,Fuji,and Traditional folk music","Yoruba
","Ketu, Yewa","7.633°N,2.867°E",Oba Obaladi
263,Imeko Afon,ILLARA,"Maize,Cassava,Yam","Aso-oke,Ankara,Lace","Egungun dance,Bologo dance,Gelede dance",Christianity and Islam,"Agbinrekoti,Celestial city Convocation","Apala,Fuji,and Traditional folk music","Yoruba
",Ketu,"7.633°N,2.867°E",Oba Oloola
264,Imeko Afon,ALAGBE,"Maize,Cassava,Yam","Iro and buba,Gele,Dansiki,Buba and Sokoto","Egungun dance,Bologo dance,Gelede dance",Christianity and Islam,"Agbinrekoti,Celestial city Convocation","Apala,Fuji,and Traditional folk music","Yoruba
",Ketu,"7.633°N,2.867°E",Oba Alagbe
265,Imeko Afon,IDOFA,"Maize,Cassava,Yam","Iro and Buba,As-oke,Adire,Komole,Agbada,Buba and Sokoto,Fila","Egungun dance,Bologo dance,Gelede dance",Christianity and Islam,"Agbinrekoti,Celestial city Convocation","Apala,Fuji,and Traditional folk music","Yoruba
",Ketu,"7.633°N,2.867°E",Oba Onidofa
266,Imeko Afon,IWOYE,"Maize,Cassava,Yam","Iro and buba,Gele,Dansiki,Buba and Sokoto","Egungun dance,Bologo dance,Gelede dance",Christianity and Islam,"Agbinrekoti,Celestial city Convocation","Apala,Fuji,and Traditional folk music","Yoruba
",Ketu,"7.633°N,2.867°E",Oba Ooye
267,Imeko Afon,OKE-AGBEDE,"Maize,Cassava,Yam","Iro and Buba,As-oke,Adire,Komole,Agbada,Buba and Sokoto,Fila","Egungun dance,Bologo dance,Gelede dance",Christianity and Islam,"Agbinrekoti,Celestial city Convocation","Apala,Fuji,and Traditional folk music","Yoruba
",Ketu,"7.633°N,2.867°E",Oba Alagbede
268,Imeko Afon,MORIWI,"Maize,Cassava,Yam","Aso-oke,Ankara,Lace","Egungun dance,Bologo dance,Gelede dance",Christianity and Islam,"Agbinrekoti,Celestial city Convocation","Apala,Fuji,and Traditional folk music","Yoruba
",Ketu,"7.633°N,2.867°E",Oba Alale
269,Imeko Afon,ATAPELE,"Maize,Cassava,Yam","Iro and buba,Gele,Dansiki,Buba and Sokoto","Egungun dance,Bologo dance,Gelede dance",Christianity and Islam,"Agbinrekoti,Celestial city Convocation","Apala,Fuji,and Traditional folk music","Yoruba
",Ketu,"7.633°N,2.867°E",Oba
270,Imeko Afon, OBADA,"Maize,Cassava,Yam","Aso-oke,Ankara,Lace","Egungun dance,Bologo dance,Gelede dance",Christianity and Islam,"Agbinrekoti,Celestial city Convocation","Apala,Fuji,and Traditional folk music","Yoruba
","Ketu, Ohori, Egun","7.633°N,2.867°E",Oba Olobada
